CREATE DATABASE  IF NOT EXISTS `fifa` /*!40100 DEFAULT CHARACTER SET utf8mb4 COLLATE utf8mb4_0900_ai_ci */;
USE `fifa`;
-- MySQL dump 10.13  Distrib 8.0.13, for Win64 (x86_64)
--
-- Host: localhost    Database: fifa
-- ------------------------------------------------------
-- Server version	8.0.13

/*!40101 SET @OLD_CHARACTER_SET_CLIENT=@@CHARACTER_SET_CLIENT */;
/*!40101 SET @OLD_CHARACTER_SET_RESULTS=@@CHARACTER_SET_RESULTS */;
/*!40101 SET @OLD_COLLATION_CONNECTION=@@COLLATION_CONNECTION */;
 SET NAMES utf8 ;
/*!40103 SET @OLD_TIME_ZONE=@@TIME_ZONE */;
/*!40103 SET TIME_ZONE='+00:00' */;
/*!40014 SET @OLD_UNIQUE_CHECKS=@@UNIQUE_CHECKS, UNIQUE_CHECKS=0 */;
/*!40014 SET @OLD_FOREIGN_KEY_CHECKS=@@FOREIGN_KEY_CHECKS, FOREIGN_KEY_CHECKS=0 */;
/*!40101 SET @OLD_SQL_MODE=@@SQL_MODE, SQL_MODE='NO_AUTO_VALUE_ON_ZERO' */;
/*!40111 SET @OLD_SQL_NOTES=@@SQL_NOTES, SQL_NOTES=0 */;

--
-- Table structure for table `cards`
--

DROP TABLE IF EXISTS `cards`;
/*!40101 SET @saved_cs_client     = @@character_set_client */;
 SET character_set_client = utf8mb4 ;
CREATE TABLE `cards` (
  `GameID` char(3) NOT NULL,
  `TeamID` char(2) NOT NULL,
  `PNo` int(11) NOT NULL,
  `Color` varchar(255) DEFAULT NULL,
  `Time` varchar(255) NOT NULL,
  PRIMARY KEY (`GameID`,`TeamID`,`PNo`,`Time`),
  KEY `TeamID` (`TeamID`,`PNo`),
  CONSTRAINT `cards_ibfk_1` FOREIGN KEY (`GameID`) REFERENCES `game` (`gameid`),
  CONSTRAINT `cards_ibfk_2` FOREIGN KEY (`TeamID`, `PNo`) REFERENCES `player` (`teamid`, `pno`)
) ENGINE=InnoDB DEFAULT CHARSET=utf8mb4 COLLATE=utf8mb4_0900_ai_ci;
/*!40101 SET character_set_client = @saved_cs_client */;

--
-- Dumping data for table `cards`
--

LOCK TABLES `cards` WRITE;
/*!40000 ALTER TABLE `cards` DISABLE KEYS */;
INSERT INTO `cards` VALUES ('G01','A1',17,'Yellow','88'),('G01','A2',17,'Yellow','93'),('G02','A3',5,'Yellow','94'),('G02','A3',6,'Yellow','96'),('G03','B3',8,'Yellow','34'),('G03','B4',7,'Yellow','10'),('G03','B4',10,'Yellow','92'),('G03','B4',18,'Yellow','47'),('G04','B1',16,'Yellow','28'),('G04','B2',5,'Yellow','17'),('G05','C1',12,'Yellow','76'),('G05','C2',7,'Yellow','13'),('G05','C2',16,'Yellow','87'),('G05','C2',19,'Yellow','57'),('G07','C3',13,'Yellow','38'),('G07','C4',8,'Yellow','86'),('G07','C4',20,'Yellow','93'),('G08','D3',7,'Yellow','30'),('G08','D3',11,'Yellow','89'),('G08','D4',5,'Yellow','70'),('G09','E3',15,'Yellow','22'),('G09','E3',20,'Yellow','56'),('G09','E4',6,'Yellow','59'),('G09','E4',8,'Yellow','90'),('G10','F1',5,'Yellow','84'),('G10','F1',13,'Yellow','83'),('G10','F2',15,'Yellow','40'),('G10','F2',16,'Yellow','90'),('G11','E1',5,'Yellow','47'),('G11','E2',2,'Yellow','31'),('G11','E2',11,'Yellow','68'),('G11','E2',22,'Yellow','65'),('G12','F3',17,'Yellow','61'),('G12','F4',9,'Yellow','13'),('G12','F4',11,'Yellow','55'),('G13','G1',5,'Yellow','59'),('G13','G1',7,'Yellow','88'),('G13','G1',15,'Yellow','14'),('G13','G2',2,'Yellow','51'),('G13','G2',8,'Yellow','45'),('G13','G2',11,'Yellow','49'),('G13','G2',15,'Yellow','18'),('G13','G2',20,'Yellow','57'),('G14','G4',2,'Yellow','33'),('G14','H2',5,'Yellow','72'),('G15','H3',5,'Yellow','64'),('G15','H3',6,'Red','3'),('G15','H3',10,'Yellow','86'),('G15','H4',1,'Yellow','94'),('G16','H1',10,'Yellow','12'),('G16','H2',6,'Yellow','49'),('G17','A1',10,'Yellow','84'),('G17','A3',21,'Yellow','57'),('G18','B1',23,'Yellow','92'),('G18','B3',5,'Yellow','40'),('G20','B4',9,'Yellow','92'),('G20','B4',11,'Yellow','79'),('G21','C4',20,'Yellow','37'),('G21','C4',23,'Yellow','84'),('G22','C1',6,'Yellow','86'),('G22','C1',14,'Yellow','16'),('G22','C3',9,'Yellow','23'),('G22','C3',23,'Yellow','81'),('G23','D1',2,'Yellow','51'),('G23','D1',8,'Yellow','87'),('G23','D1',17,'Yellow','85'),('G23','D3',2,'Yellow','67'),('G23','D3',5,'Yellow','94'),('G23','D3',17,'Yellow','58'),('G23','D3',18,'Yellow','39'),('G24','E1',10,'Yellow','81'),('G24','E1',11,'Yellow','81'),('G24','E3',2,'Yellow','84'),('G25','D4',2,'Yellow','44'),('G26','E2',23,'Yellow','91'),('G26','E4',4,'Yellow','39'),('G26','E4',9,'Yellow','87'),('G26','E4',20,'Yellow','34'),('G26','E4',21,'Yellow','45'),('G27','G3',13,'Yellow','14'),('G28','F4',2,'Yellow','63'),('G28','F4',10,'Yellow','72'),('G28','F4',15,'Yellow','80'),('G28','F4',19,'Yellow','58'),('G29','F1',17,'Yellow','71'),('G29','F1',17,'Red','82'),('G29','F3',7,'Yellow','97'),('G29','F3',8,'Yellow','52'),('G30','G2',2,'Yellow','72'),('G30','G3',4,'Yellow','44'),('G30','G4',11,'Yellow','10'),('G30','G4',21,'Yellow','24'),('G31','H2',11,'Yellow','91'),('G31','H2',12,'Yellow','90'),('G31','H2',19,'Yellow','59'),('G31','H4',14,'Yellow','68'),('G31','H4',17,'Yellow','94'),('G32','H1',5,'Yellow','61'),('G32','H1',6,'Yellow','85'),('G33','A1',8,'Yellow','9'),('G33','A1',23,'Yellow','27'),('G33','A1',23,'Red','36'),('G33','A4',6,'Yellow','59'),('G34','A3',2,'Yellow','45'),('G34','A3',7,'Yellow','86'),('G35','B3',2,'Yellow','93'),('G35','B3',4,'Yellow','31'),('G35','B3',8,'Yellow','21'),('G35','B3',12,'Yellow','85'),('G35','B3',14,'Yellow','31'),('G35','B3',16,'Yellow','29'),('G36','B1',5,'Yellow','33'),('G36','B1',7,'Yellow','83'),('G36','B1',20,'Yellow','64'),('G36','B1',21,'Yellow','98'),('G36','B4',3,'Yellow','52'),('G36','B4',20,'Yellow','54'),('G37','C2',5,'Yellow','88'),('G37','C2',15,'Yellow','10'),('G37','C2',17,'Yellow','60'),('G37','C2',23,'Yellow','66'),('G37','C3',7,'Yellow','79'),('G37','C3',19,'Yellow','45'),('G38','C4',13,'Yellow','45'),('G39','D1',7,'Yellow','64'),('G39','D1',10,'Yellow','94'),('G39','D1',14,'Yellow','49'),('G39','D4',6,'Yellow','32'),('G39','D4',10,'Yellow','91'),('G40','D2',2,'Yellow','84'),('G40','D2',11,'Yellow','64'),('G40','D2',20,'Yellow','59'),('G40','D3',13,'Yellow','83'),('G40','D3',20,'Yellow','14'),('G41','F4',7,'Yellow','65'),('G41','F4',15,'Yellow','9'),('G41','F4',17,'Yellow','23'),('G41','F4',18,'Yellow','48'),('G42','F2',7,'Yellow','86'),('G42','F2',15,'Yellow','61'),('G42','F2',23,'Yellow','1'),('G42','F3',2,'Yellow','88'),('G42','F3',7,'Yellow','26'),('G43','E4',9,'Yellow','70'),('G43','E4',21,'Yellow','48'),('G43','E4',22,'Yellow','33'),('G44','E2',2,'Yellow','37'),('G44','E2',17,'Yellow','75'),('G44','E2',22,'Yellow','83'),('G44','E3',12,'Yellow','29'),('G44','E3',16,'Yellow','11'),('G44','E3',19,'Yellow','89'),('G45','H4',20,'Yellow','66'),('G46','H2',19,'Yellow','51'),('G46','H3',17,'Yellow','45'),('G47','G2',6,'Yellow','80'),('G47','G2',18,'Yellow','96'),('G47','G2',19,'Yellow','78'),('G47','G3',9,'Yellow','71'),('G47','G3',13,'Yellow','44'),('G47','G3',20,'Yellow','93'),('G48','G1',17,'Yellow','19'),('G48','G1',23,'Yellow','33'),('G49','B1',7,'Yellow','93'),('G50','C1',2,'Yellow','73'),('G50','C1',9,'Yellow','93'),('G50','C1',14,'Yellow','72'),('G50','D1',3,'Yellow','19'),('G50','D1',7,'Yellow','50'),('G50','D1',14,'Yellow','43'),('G50','D1',16,'Yellow','11'),('G50','D1',17,'Yellow','93'),('G51','A1',3,'Yellow','54'),('G51','A1',11,'Yellow','71'),('G51','B2',3,'Yellow','40'),('G52','C4',13,'Yellow','115'),('G53','E1',5,'Yellow','59'),('G53','E1',6,'Yellow','43'),('G53','F2',3,'Yellow','77'),('G53','F2',16,'Yellow','55'),('G53','F2',18,'Yellow','92'),('G53','F2',21,'Yellow','38'),('G54','H4',7,'Yellow','40'),('G55','E2',6,'Red','94'),('G55','E2',10,'Yellow','68'),('G55','E2',11,'Yellow','61'),('G55','F3',2,'Yellow','31'),('G56','G4',7,'Yellow','69'),('G56','G4',8,'Yellow','56'),('G56','H3',4,'Yellow','52'),('G56','H3',5,'Yellow','41'),('G56','H3',6,'Yellow','54'),('G56','H3',7,'Yellow','64'),('G56','H3',9,'Yellow','63'),('G56','H3',11,'Yellow','118'),('G57','A4',6,'Yellow','38'),('G57','A4',7,'Yellow','69'),('G57','C1',10,'Yellow','69'),('G57','C1',21,'Yellow','33'),('G58','E1',17,'Yellow','85'),('G58','E1',22,'Yellow','90'),('G58','G1',2,'Yellow','47'),('G58','G1',15,'Yellow','71'),('G59','A1',8,'Yellow','109'),('G59','D3',3,'Yellow','38'),('G59','D3',6,'Yellow','35'),('G59','D3',21,'Yellow','101'),('G59','D3',22,'Yellow','114'),('G60','F3',7,'Yellow','94'),('G60','F3',11,'Yellow','87'),('G60','G4',6,'Yellow','87'),('G61','C1',10,'Yellow','93'),('G61','C1',13,'Yellow','87'),('G61','G1',2,'Yellow','71'),('G61','G1',5,'Yellow','94'),('G61','G1',10,'Yellow','63'),('G62','D3',17,'Yellow','48'),('G62','D3',18,'Yellow','96'),('G62','G4',2,'Yellow','54'),('G63','G1',6,'Yellow','93'),('G63','G4',5,'Yellow','52'),('G63','G4',6,'Yellow','76'),('G64','C1',13,'Yellow','27'),('G64','C1',21,'Yellow','41'),('G64','D3',2,'Yellow','92');
/*!40000 ALTER TABLE `cards` ENABLE KEYS */;
UNLOCK TABLES;

--
-- Table structure for table `game`
--

DROP TABLE IF EXISTS `game`;
/*!40101 SET @saved_cs_client     = @@character_set_client */;
 SET character_set_client = utf8mb4 ;
CREATE TABLE `game` (
  `GameID` char(3) NOT NULL,
  `MatchType` varchar(255) DEFAULT NULL,
  `MatchDate` varchar(255) DEFAULT NULL,
  `SID` char(3) DEFAULT NULL,
  `TeamID1` char(2) DEFAULT NULL,
  `TeamID2` char(2) DEFAULT NULL,
  `Team1_Score` int(11) DEFAULT NULL,
  `Team2_Score` int(11) DEFAULT NULL,
  PRIMARY KEY (`GameID`),
  KEY `SID` (`SID`),
  KEY `TeamID1` (`TeamID1`),
  KEY `TeamID2` (`TeamID2`),
  CONSTRAINT `game_ibfk_1` FOREIGN KEY (`SID`) REFERENCES `stadium` (`sid`),
  CONSTRAINT `game_ibfk_2` FOREIGN KEY (`TeamID1`) REFERENCES `team` (`teamid`),
  CONSTRAINT `game_ibfk_3` FOREIGN KEY (`TeamID2`) REFERENCES `team` (`teamid`)
) ENGINE=InnoDB DEFAULT CHARSET=utf8mb4 COLLATE=utf8mb4_0900_ai_ci;
/*!40101 SET character_set_client = @saved_cs_client */;

--
-- Dumping data for table `game`
--

LOCK TABLES `game` WRITE;
/*!40000 ALTER TABLE `game` DISABLE KEYS */;
INSERT INTO `game` VALUES ('G01','A','6/14/2018','S01','A1','A2',5,0),('G02','A','6/15/2018','S04','A3','A4',0,1),('G03','B','6/15/2018','S02','B3','B4',0,1),('G04','B','6/15/2018','S03','B1','B2',3,3),('G05','C','6/16/2018','S05','C1','C2',2,1),('G06','D','6/16/2018','S11','D1','D2',1,1),('G07','C','6/16/2018','S09','C3','C4',0,1),('G08','D','6/16/2018','S12','D3','D4',2,0),('G09','E','6/17/2018','S08','E3','E4',0,1),('G10','F','6/17/2018','S01','F1','F2',0,1),('G11','E','6/17/2018','S07','E1','E2',1,1),('G12','F','6/18/2018','S06','F3','F4',1,0),('G13','G','6/18/2018','S03','G1','G2',3,0),('G14','G','6/18/2018','S10','G3','G4',1,2),('G15','H','6/19/2018','S09','H3','H4',1,2),('G16','H','6/19/2018','S11','H1','H2',1,2),('G17','A','6/19/2018','S02','A1','A3',3,1),('G18','B','6/20/2018','S01','B1','B3',1,0),('G19','A','6/20/2018','S07','A4','A2',1,0),('G20','B','6/20/2018','S05','B4','B2',0,1),('G21','C','6/21/2018','S08','C4','C2',1,1),('G22','C','6/21/2018','S04','C1','C3',1,0),('G23','D','6/21/2018','S06','D1','D3',0,3),('G24','E','6/22/2018','S02','E1','E3',2,0),('G25','D','6/22/2018','S10','D4','D2',2,0),('G26','E','6/22/2018','S12','E4','E2',1,2),('G27','G','6/23/2018','S11','G1','G3',5,2),('G28','F','6/23/2018','S07','F4','F2',1,2),('G29','F','6/23/2018','S03','F1','F3',2,1),('G30','G','6/24/2018','S06','G4','G2',6,1),('G31','H','6/24/2018','S04','H4','H2',2,2),('G32','H','6/24/2018','S05','H1','H3',0,3),('G33','A','6/25/2018','S08','A4','A1',3,0),('G34','A','6/25/2018','S10','A2','A3',2,1),('G35','B','6/25/2018','S12','B2','B3',2,2),('G36','B','6/25/2018','S09','B4','B1',1,1),('G37','C','6/26/2018','S03','C2','C3',0,2),('G38','C','6/26/2018','S01','C4','C1',1,2),('G39','D','6/26/2018','S02','D4','D1',1,2),('G40','D','6/26/2018','S07','D2','D3',1,2),('G41','F','6/27/2018','S05','F4','F1',2,0),('G42','F','6/27/2018','S04','F2','F3',0,3),('G43','E','6/27/2018','S11','E4','E1',0,2),('G44','E','6/27/2018','S06','E2','E3',2,2),('G45','H','6/28/2018','S10','H4','H1',1,1),('G46','H','6/28/2018','S08','H2','H3',1,0),('G47','G','6/28/2018','S09','G2','G3',0,3),('G48','G','6/28/2018','S12','G4','G1',2,0),('G49','X','6/30/2018','S03','A4','B1',2,1),('G50','X','6/30/2018','S05','C1','D1',4,3),('G51','X','7/1/2018','S01','B2','A1',1,1),('G52','X','7/1/2018','S06','D3','C4',1,1),('G53','X','7/2/2018','S08','E1','F2',2,0),('G54','X','7/2/2018','S07','G1','H4',3,2),('G55','X','7/3/2018','S02','F3','E2',1,0),('G56','X','7/3/2018','S11','H3','G4',1,1),('G57','Q','7/6/2018','S06','A4','C1',0,2),('G58','Q','7/6/2018','S05','E1','G1',1,2),('G59','Q','7/7/2018','S03','A1','D3',2,2),('G60','Q','7/7/2018','S08','F3','G4',0,2),('G61','S','7/10/2018','S02','C1','G1',1,0),('G62','S','7/11/2018','S01','D3','G4',2,1),('G63','P','7/14/2018','S02','G1','G4',2,0),('G64','L','7/15/2018','S01','C1','D3',4,2);
/*!40000 ALTER TABLE `game` ENABLE KEYS */;
UNLOCK TABLES;

--
-- Table structure for table `goals`
--

DROP TABLE IF EXISTS `goals`;
/*!40101 SET @saved_cs_client     = @@character_set_client */;
 SET character_set_client = utf8mb4 ;
CREATE TABLE `goals` (
  `GameID` char(3) NOT NULL,
  `TeamID` char(2) NOT NULL,
  `PNo` int(11) NOT NULL,
  `Time` varchar(255) NOT NULL,
  `Penalty` varchar(255) DEFAULT NULL,
  PRIMARY KEY (`GameID`,`TeamID`,`PNo`,`Time`),
  KEY `TeamID` (`TeamID`,`PNo`),
  CONSTRAINT `goals_ibfk_1` FOREIGN KEY (`GameID`) REFERENCES `game` (`gameid`),
  CONSTRAINT `goals_ibfk_2` FOREIGN KEY (`TeamID`, `PNo`) REFERENCES `player` (`teamid`, `pno`)
) ENGINE=InnoDB DEFAULT CHARSET=utf8mb4 COLLATE=utf8mb4_0900_ai_ci;
/*!40101 SET character_set_client = @saved_cs_client */;

--
-- Dumping data for table `goals`
--

LOCK TABLES `goals` WRITE;
/*!40000 ALTER TABLE `goals` DISABLE KEYS */;
INSERT INTO `goals` VALUES ('G01','A1',6,'43','N'),('G01','A1',6,'91','N'),('G01','A1',8,'12','N'),('G01','A1',17,'94','N'),('G01','A1',22,'71','N'),('G02','A4',2,'89','N'),('G04','B1',7,'4','Y'),('G04','B1',7,'44','N'),('G04','B1',7,'88','N'),('G04','B2',4,'58','N'),('G04','B2',19,'24','N'),('G04','B2',19,'55','N'),('G05','C1',7,'58','Y'),('G05','C2',15,'62','Y'),('G06','D1',19,'19','N'),('G06','D2',11,'23','N'),('G07','C4',20,'59','N'),('G08','D3',10,'71','Y'),('G09','E4',11,'56','N'),('G10','F2',22,'35','N'),('G11','E1',11,'20','N'),('G11','E2',14,'50','N'),('G12','F3',4,'65','Y'),('G13','G1',9,'69','N'),('G13','G1',9,'75','N'),('G13','G1',14,'47','N'),('G14','G3',13,'35','Y'),('G14','G4',9,'11','N'),('G14','G4',9,'91','N'),('G15','H3',20,'39','N'),('G15','H4',10,'6','Y'),('G15','H4',15,'73','N'),('G16','H1',10,'86','N'),('G16','H2',19,'60','N'),('G17','A1',6,'59','N'),('G17','A1',22,'62','N'),('G17','A3',10,'73','Y'),('G18','B1',7,'4','N'),('G19','A4',9,'23','N'),('G20','B2',19,'54','N'),('G21','C2',15,'38','Y'),('G21','C4',10,'7','N'),('G22','C1',10,'34','N'),('G23','D3',7,'91','N'),('G23','D3',10,'80','N'),('G23','D3',18,'53','N'),('G24','E1',10,'91','N'),('G24','E1',11,'97','N'),('G25','D4',7,'49','N'),('G25','D4',7,'75','N'),('G26','E2',10,'52','N'),('G26','E2',23,'90','N'),('G26','E4',9,'5','N'),('G27','G1',9,'16','N'),('G27','G1',9,'45','N'),('G27','G1',10,'51','N'),('G27','G1',10,'6','Y'),('G27','G1',21,'90','N'),('G27','G3',10,'93','N'),('G27','G3',11,'18','N'),('G28','F2',11,'26','Y'),('G28','F2',14,'66','N'),('G28','F4',7,'93','N'),('G29','F1',8,'95','N'),('G29','F1',11,'48','N'),('G29','F3',20,'32','N'),('G30','G2',23,'78','N'),('G30','G4',5,'40','N'),('G30','G4',5,'8','N'),('G30','G4',7,'36','N'),('G30','G4',9,'22','Y'),('G30','G4',9,'45','Y'),('G30','G4',9,'62','N'),('G31','H2',10,'11','N'),('G31','H2',22,'71','N'),('G31','H4',4,'78','N'),('G31','H4',14,'34','N'),('G32','H3',9,'70','N'),('G32','H3',11,'75','N'),('G32','H3',13,'40','N'),('G33','A4',9,'10','N'),('G33','A4',21,'90','N'),('G34','A2',7,'45','Y'),('G34','A2',18,'95','N'),('G34','A3',10,'23','N'),('G35','B2',17,'91','N'),('G35','B2',22,'19','N'),('G35','B3',13,'14','N'),('G35','B3',19,'81','N'),('G36','B1',20,'45','N'),('G36','B4',10,'93','Y'),('G37','C3',9,'50','N'),('G37','C3',18,'18','N'),('G39','D1',10,'14','N'),('G39','D1',16,'86','N'),('G39','D4',11,'51','Y'),('G40','D2',10,'76','Y'),('G40','D3',4,'90','N'),('G40','D3',19,'53','N'),('G41','F4',7,'96','N'),('G41','F4',19,'93','N'),('G42','F3',4,'62','Y'),('G42','F3',6,'50','N'),('G43','E1',2,'68','N'),('G43','E1',15,'36','N'),('G44','E2',15,'31','N'),('G44','E2',19,'88','N'),('G44','E3',19,'56','N'),('G45','H1',5,'59','N'),('G46','H3',13,'74','N'),('G47','G3',8,'51','N'),('G47','G3',10,'66','N'),('G48','G1',18,'51','N'),('G49','A4',21,'62','N'),('G49','A4',21,'7','N'),('G49','B1',3,'55','N'),('G50','C1',2,'57','N'),('G50','C1',7,'13','Y'),('G50','C1',10,'64','N'),('G50','C1',10,'68','N'),('G50','D1',2,'48','N'),('G50','D1',11,'41','N'),('G50','D1',19,'93','N'),('G51','A1',22,'41','Y'),('G52','C4',13,'1','N'),('G52','D3',17,'4','N'),('G53','E1',10,'51','N'),('G53','E1',20,'88','N'),('G54','G1',5,'69','N'),('G54','G1',8,'74','N'),('G54','G1',22,'94','N'),('G54','H4',8,'48','N'),('G54','H4',14,'52','N'),('G55','F3',10,'66','N'),('G56','G4',9,'57','Y'),('G56','H3',13,'93','N'),('G57','C1',4,'40','N'),('G57','C1',7,'61','N'),('G58','E1',8,'76','N'),('G58','G1',7,'31','N'),('G59','A1',2,'115','N'),('G59','A1',6,'31','N'),('G59','D3',9,'39','N'),('G59','D3',21,'101','N'),('G60','G4',6,'30','N'),('G60','G4',20,'59','N'),('G61','C1',5,'51','N'),('G62','D3',4,'68','N'),('G62','D3',17,'109','N'),('G62','G4',12,'5','N'),('G63','G1',10,'82','N'),('G63','G1',15,'4','N'),('G64','C1',6,'59','N'),('G64','C1',7,'38','Y'),('G64','C1',10,'65','N'),('G64','D3',4,'28','N'),('G64','D3',17,'69','N');
/*!40000 ALTER TABLE `goals` ENABLE KEYS */;
UNLOCK TABLES;

--
-- Table structure for table `own_goals`
--

DROP TABLE IF EXISTS `own_goals`;
/*!40101 SET @saved_cs_client     = @@character_set_client */;
 SET character_set_client = utf8mb4 ;
CREATE TABLE `own_goals` (
  `GameID` char(3) NOT NULL,
  `TeamID` char(2) NOT NULL,
  `PNo` int(11) NOT NULL,
  `Time` varchar(255) NOT NULL,
  `For_TeamID` varchar(255) DEFAULT NULL,
  PRIMARY KEY (`GameID`,`TeamID`,`PNo`,`Time`),
  KEY `TeamID` (`TeamID`,`PNo`),
  KEY `For_TeamID` (`For_TeamID`),
  CONSTRAINT `own_goals_ibfk_1` FOREIGN KEY (`GameID`) REFERENCES `game` (`gameid`),
  CONSTRAINT `own_goals_ibfk_2` FOREIGN KEY (`TeamID`, `PNo`) REFERENCES `player` (`teamid`, `pno`),
  CONSTRAINT `own_goals_ibfk_3` FOREIGN KEY (`For_TeamID`) REFERENCES `team` (`teamid`)
) ENGINE=InnoDB DEFAULT CHARSET=utf8mb4 COLLATE=utf8mb4_0900_ai_ci;
/*!40101 SET character_set_client = @saved_cs_client */;

--
-- Dumping data for table `own_goals`
--

LOCK TABLES `own_goals` WRITE;
/*!40000 ALTER TABLE `own_goals` DISABLE KEYS */;
INSERT INTO `own_goals` VALUES ('G17','A3',7,'47','A1'),('G33','A1',6,'23','A4'),('G51','A1',4,'12','B2'),('G03','B3',20,'95','B4'),('G05','C2',16,'81','C1'),('G64','D3',17,'18','C1'),('G08','D4',8,'32','D3'),('G44','E2',1,'93','E3'),('G42','F2',21,'74','F3'),('G58','E1',17,'13','G1'),('G47','G3',4,'33','G2'),('G16','H1',4,'37','H2');
/*!40000 ALTER TABLE `own_goals` ENABLE KEYS */;
UNLOCK TABLES;

--
-- Table structure for table `player`
--

DROP TABLE IF EXISTS `player`;
/*!40101 SET @saved_cs_client     = @@character_set_client */;
 SET character_set_client = utf8mb4 ;
CREATE TABLE `player` (
  `Team` varchar(14) DEFAULT NULL,
  `TeamID` char(2) NOT NULL,
  `PNo` int(11) NOT NULL,
  `Position` char(2) DEFAULT NULL,
  `PName` varchar(25) DEFAULT NULL,
  `BirthDate` char(10) DEFAULT NULL,
  `ShirtName` varchar(20) DEFAULT NULL,
  `Club` varchar(40) DEFAULT NULL,
  `Height` int(11) DEFAULT NULL,
  `Weight` int(11) DEFAULT NULL,
  PRIMARY KEY (`TeamID`,`PNo`),
  CONSTRAINT `player_ibfk_1` FOREIGN KEY (`TeamID`) REFERENCES `team` (`teamid`)
) ENGINE=InnoDB DEFAULT CHARSET=utf8mb4 COLLATE=utf8mb4_0900_ai_ci;
/*!40101 SET character_set_client = @saved_cs_client */;

--
-- Dumping data for table `player`
--

LOCK TABLES `player` WRITE;
/*!40000 ALTER TABLE `player` DISABLE KEYS */;
INSERT INTO `player` VALUES ('Russia','A1',1,'GK','AKINFEEV Igor','08.04.1986','AKINFEEV','CSKA Moscow (RUS)',185,83),('Russia','A1',2,'DF','MARIO FERNANDES','19.09.1990','FERNANDES','CSKA Moscow (RUS)',187,79),('Russia','A1',3,'DF','KUTEPOV Ilya','29.07.1993','KUTEPOV','FC Spartak Moscow (RUS)',190,82),('Russia','A1',4,'DF','IGNASHEVICH Sergey','14.07.1979','IGNASHEVICH','CSKA Moscow (RUS)',186,84),('Russia','A1',5,'DF','SEMENOV Andrey','24.03.1989','SEMENOV','FC Akhmat Grozny (RUS)',191,87),('Russia','A1',6,'MF','CHERYSHEV Denis','26.12.1990','CHERYSHEV','Villarreal CF (ESP)',173,68),('Russia','A1',7,'MF','KUZIAEV Daler','15.01.1993','KUZIAEV','FC Zenit St. Petersburg (RUS)',182,74),('Russia','A1',8,'MF','GAZINSKY Iury','20.07.1989','GAZINSKII','FC Krasnodar (RUS)',180,75),('Russia','A1',9,'MF','DZAGOEV Alan','17.06.1990','DZAGOEV','CSKA Moscow (RUS)',178,73),('Russia','A1',10,'FW','SMOLOV Fedor','09.02.1990','SMOLOV','FC Krasnodar (RUS)',185,79),('Russia','A1',11,'MF','ZOBNIN Roman','11.02.1994','ZOBNIN','FC Spartak Moscow (RUS)',185,77),('Russia','A1',12,'GK','LUNEV Andrei','13.11.1991','LUNEV','FC Zenit St. Petersburg (RUS)',189,80),('Russia','A1',13,'DF','KUDRIASHOV Fedor','05.04.1987','KUDRIASHOV','FC Rubin Kazan (RUS)',187,78),('Russia','A1',14,'DF','GRANAT Vladimir','22.05.1987','GRANAT','FC Rubin Kazan (RUS)',184,80),('Russia','A1',15,'MF','MIRANCHUK Alexey','17.10.1995','MIRANCHUK AL.','FC Lokomotiv Moscow (RUS)',185,77),('Russia','A1',16,'MF','MIRANCHUK Anton','17.10.1995','MIRANCHUK AN.','FC Lokomotiv Moscow (RUS)',182,67),('Russia','A1',17,'MF','GOLOVIN Aleksandr','30.05.1996','GOLOVIN','CSKA Moscow (RUS)',178,70),('Russia','A1',18,'MF','ZHIRKOV Yury','20.08.1983','ZHIRKOV','FC Zenit St. Petersburg (RUS)',180,76),('Russia','A1',19,'MF','SAMEDOV Alexander','19.07.1984','SAMEDOV','FC Spartak Moscow (RUS)',178,74),('Russia','A1',20,'GK','GABULOV Vladimir','19.10.1983','GABULOV','Club Brugge KV (BEL)',190,81),('Russia','A1',21,'MF','EROKHIN Aleksandr','13.10.1989','EROKHIN','FC Zenit St. Petersburg (RUS)',191,79),('Russia','A1',22,'FW','DZYUBA Artem','22.08.1988','DZYUBA','FC Arsenal Tula (RUS)',196,90),('Russia','A1',23,'DF','SMOLNIKOV Igor','08.08.1988','SMOLNIKOV','FC Zenit St. Petersburg (RUS)',179,72),('Saudi Arabia','A2',1,'GK','ABDULLAH ALMUAIOUF','23.01.1987','ABDULLAH','Al Hilal SFC (KSA)',178,98),('Saudi Arabia','A2',2,'DF','MANSOUR ALHARBI','19.10.1987','MANSOUR','Al Ahli SC (KSA)',173,68),('Saudi Arabia','A2',3,'DF','OSAMA HAWSAWI','31.03.1984','OSAMA','Al Hilal SFC (KSA)',188,83),('Saudi Arabia','A2',4,'DF','ALI ALBULAYHI','21.11.1989','ALI','Al Hilal SFC (KSA)',182,83),('Saudi Arabia','A2',5,'DF','OMAR OTHMAN','27.09.1985','OMAR','Al Nassr FC (KSA)',185,76),('Saudi Arabia','A2',6,'DF','MOHAMMED ALBURAYK','15.09.1992','ALBURAYK','Al Hilal SFC (KSA)',173,61),('Saudi Arabia','A2',7,'MF','SALMAN ALFARAJ','01.08.1989','SALMAN','Al Hilal SFC (KSA)',179,63),('Saudi Arabia','A2',8,'MF','YAHIA ALSHEHRI','26.06.1990','YAHIA','CD Leganes (ESP)',165,63),('Saudi Arabia','A2',9,'MF','HATAN BAHBIR','16.07.1992','HATAN','Al Shabab FC (KSA)',170,66),('Saudi Arabia','A2',10,'FW','MOHAMMED ALSAHLAWI','10.01.1987','ALSAHLAWI','Al Nassr FC (KSA)',179,75),('Saudi Arabia','A2',11,'MF','ABDULMALEK ALKHAIBRI','13.03.1986','ABDULMALEK','Al Hilal SFC (KSA)',177,73),('Saudi Arabia','A2',12,'MF','MOHAMED KANNO','22.09.1994','KANNO','Al Hilal SFC (KSA)',192,73),('Saudi Arabia','A2',13,'DF','YASIR ALSHAHRANI','25.05.1992','YASIR','Al Hilal SFC (KSA)',170,63),('Saudi Arabia','A2',14,'MF','ABDULLAH OTAYF','03.08.1992','OTAYF','Al Hilal SFC (KSA)',177,66),('Saudi Arabia','A2',15,'MF','ABDULLAH ALKHAIBARI','16.08.1996','ALKHAIBARI','Al Shabab FC (KSA)',175,66),('Saudi Arabia','A2',16,'MF','HUSSAIN ALMOQAHWI','24.03.1988','HUSSAIN','Al Ahli SC (KSA)',174,76),('Saudi Arabia','A2',17,'MF','TAISEER ALJASSAM','25.07.1984','TAISEER','Al Ahli SC (KSA)',169,69),('Saudi Arabia','A2',18,'MF','SALEM ALDAWSARI','19.08.1991','SALEM','Villarreal CF (ESP)',174,68),('Saudi Arabia','A2',19,'FW','FAHAD ALMUWALLAD','14.09.1994','FAHAD','Levante UD (ESP)',168,65),('Saudi Arabia','A2',20,'FW','MUHANNAD ASIRI','14.10.1986','MUHANNAD','Al Ahli SC (KSA)',185,79),('Saudi Arabia','A2',21,'GK','YASSER ALMOSAILEM','27.02.1984','ALMOSAILEM','Al Ahli SC (KSA)',186,88),('Saudi Arabia','A2',22,'GK','MOHAMMED ALOWAIS','10.10.1991','ALOWAIS','Al Ahli SC (KSA)',187,79),('Saudi Arabia','A2',23,'DF','MOTAZ HAWSAWI','17.02.1992','MOTAZ','Al Ahli SC (KSA)',180,79),('Egypt','A3',1,'GK','ESSAM EL HADARY','15.01.1973','ELHADARY','Al Taawoun FC (KSA)',190,90),('Egypt','A3',2,'DF','ALI GABR','01.01.1989','ALI GABR','West Bromwich Albion FC (ENG)',191,88),('Egypt','A3',3,'DF','AHMED ELMOHAMADY','09.09.1987','ELMOHAMADY','Aston Villa FC (ENG)',183,76),('Egypt','A3',4,'MF','OMAR GABER','30.01.1992','O. GABER','Los Angeles FC (USA)',175,71),('Egypt','A3',5,'MF','SAM MORSY','10.09.1991','MORSY','Wigan Athletic FC (ENG)',173,75),('Egypt','A3',6,'DF','AHMED HEGAZY','25.01.1991','A. HEGAZY','West Bromwich Albion FC (ENG)',194,95),('Egypt','A3',7,'DF','AHMED FATHI','10.11.1984','A. FATHI','Al Ahly SC (EGY)',176,76),('Egypt','A3',8,'MF','TAREK HAMED','24.10.1988','TAREK HAMED','Zamalek (EGY)',169,67),('Egypt','A3',9,'FW','MARWAN MOHSEN','26.02.1989','MARWAN','Al Ahly SC (EGY)',185,81),('Egypt','A3',10,'FW','MOHAMED SALAH','15.06.1992','M SALAH','Liverpool FC (ENG)',175,71),('Egypt','A3',11,'FW','KAHRABA','13.04.1994','M. KAHRABA','Al-Ittihad FC (KSA)',182,76),('Egypt','A3',12,'DF','AYMAN ASHRAF','09.04.1991','A. ASHRAF','Al Ahly SC (EGY)',176,73),('Egypt','A3',13,'DF','MOHAMED ABDELSHAFY','01.07.1985','ABDELSHAFY','Al Fateh FC (KSA)',171,72),('Egypt','A3',14,'FW','RAMADAN SOBHY','23.01.1997','RAMADAN','Stoke City FC (ENG)',183,77),('Egypt','A3',15,'DF','MAHMOUD HAMDY','01.06.1995','M. HAMDY','Zamalek (EGY)',173,72),('Egypt','A3',16,'GK','SHERIF EKRAMY','10.07.1983','EKRAMY','Al Ahly SC (EGY)',193,93),('Egypt','A3',17,'MF','MOHAMED ELNENY','11.07.1992','M. ELNENY','Arsenal FC (ENG)',181,74),('Egypt','A3',18,'FW','SHIKABALA','05.03.1986','SHIKABALA','Al Raed SC (KSA)',183,80),('Egypt','A3',19,'MF','ABDALLA SAID','13.07.1985','ABDALLA','Kuopion PS (FIN)',176,75),('Egypt','A3',20,'DF','SAMIR SAAD','01.04.1989','S. SAMIR','Al Ahly SC (EGY)',183,82),('Egypt','A3',21,'MF','TREZEGUET','01.10.1994','M. TREZEGUET','Kasimpasa SK (TUR)',181,77),('Egypt','A3',22,'FW','AMR WARDA','17.09.1993','WARDA','Atromitos FC (GRE)',179,77),('Egypt','A3',23,'GK','MOHAMED ELSHENAWY','18.12.1988','M. ELSHENAWY','Al Ahly SC (EGY)',191,86),('Uruguay','A4',1,'GK','MUSLERA Fernando','16.06.1986','MUSLERA','Galatasaray SK (TUR)',190,74),('Uruguay','A4',2,'DF','GIMENEZ Jose','20.01.1995','J.M. GIMENEZ','Atletico Madrid (ESP)',185,77),('Uruguay','A4',3,'DF','GODIN Diego','16.02.1986','GODIN','Atletico Madrid (ESP)',185,73),('Uruguay','A4',4,'DF','VARELA Guillermo','24.03.1993','VARELA','CA Penarol (URU)',173,70),('Uruguay','A4',5,'MF','SANCHEZ Carlos','02.12.1984','SANCHEZ','CF Monterrey (MEX)',171,74),('Uruguay','A4',6,'MF','BENTANCUR Rodrigo','25.06.1997','BENTANCUR','Juventus FC (ITA)',187,73),('Uruguay','A4',7,'MF','RODRIGUEZ Cristian','30.09.1985','C. RODRIGUEZ','CA Penarol (URU)',178,79),('Uruguay','A4',8,'MF','NANDEZ Nahitan','28.12.1995','NANDEZ','CA Boca Juniors (ARG)',171,61),('Uruguay','A4',9,'FW','SUAREZ Luis','24.01.1987','SUAREZ','FC Barcelona (ESP)',182,85),('Uruguay','A4',10,'FW','DE ARRASCAETA Giorgian','01.06.1994','DE ARRASCAETA','Cruzeiro EC (BRA)',172,64),('Uruguay','A4',11,'FW','STUANI Cristhian','12.10.1986','STUANI','Girona FC (ESP)',186,78),('Uruguay','A4',12,'GK','CAMPANA Martin','29.05.1989','CAMPANA','CA Independiente (ARG)',184,79),('Uruguay','A4',13,'DF','SILVA Gaston','05.03.1994','G. SILVA','CA Independiente (ARG)',185,74),('Uruguay','A4',14,'MF','TORREIRA Lucas','11.02.1996','TORREIRA','UC Sampdoria (ITA)',168,61),('Uruguay','A4',15,'MF','VECINO Matias','24.08.1991','VECINO','FC Internazionale (ITA)',189,80),('Uruguay','A4',16,'DF','PEREIRA Maximiliano','08.06.1984','M. PEREIRA','FC Porto (POR)',173,73),('Uruguay','A4',17,'MF','LAXALT Diego','07.02.1993','LAXALT','Genoa CFC (ITA)',178,66),('Uruguay','A4',18,'FW','GOMEZ Maximiliano','14.08.1996','M. GOMEZ','Celta Vigo (ESP)',186,85),('Uruguay','A4',19,'DF','COATES Sebastian','07.10.1990','COATES','Sporting CP (POR)',196,89),('Uruguay','A4',20,'FW','URRETAVISCAYA Jonathan','19.03.1990','URRETAVISCAYA','CF Monterrey (MEX)',172,66),('Uruguay','A4',21,'FW','CAVANI Edinson','14.02.1987','CAVANI','Paris Saint-Germain FC (FRA)',188,78),('Uruguay','A4',22,'DF','CACERES Martin','07.04.1987','CACERES','SS Lazio (ITA)',178,75),('Uruguay','A4',23,'GK','SILVA Martin','25.03.1983','M. SILVA','CR Vasco da Gama (BRA)',187,82),('Portugal','B1',1,'GK','RUI PATRICIO','15.02.1988','RUI PATRICIO','Sporting CP (POR)',189,84),('Portugal','B1',2,'DF','BRUNO ALVES','27.11.1981','B. ALVES','Rangers FC (SCO)',187,83),('Portugal','B1',3,'DF','PEPE','26.02.1983','PEPE','Besiktas JK (TUR)',188,81),('Portugal','B1',4,'MF','MANUEL FERNANDES','05.02.1986','M. FERNANDES','FC Lokomotiv Moscow (RUS)',174,69),('Portugal','B1',5,'DF','RAPHAEL GUERREIRO','22.12.1993','RAPHAEL','Borussia Dortmund (GER)',170,64),('Portugal','B1',6,'DF','JOSE FONTE','22.12.1983','FONTE','Dalian Yifang FC (CHN)',191,84),('Portugal','B1',7,'FW','CRISTIANO RONALDO','05.02.1985','RONALDO','Real Madrid CF (ESP)',185,80),('Portugal','B1',8,'MF','JOAO MOUTINHO','08.09.1986','J. MOUTINHO','AS Monaco (FRA)',170,61),('Portugal','B1',9,'FW','ANDRE SILVA','06.11.1995','ANDRE SILVA','AC Milan (ITA)',184,78),('Portugal','B1',10,'MF','JOAO MARIO','19.01.1993','J. MARIO','West Ham United FC (ENG)',179,73),('Portugal','B1',11,'MF','BERNARDO SILVA','10.08.1994','BERNARDO','Manchester City FC (ENG)',173,65),('Portugal','B1',12,'GK','ANTHONY LOPES','01.10.1990','LOPES','Olympique Lyon (FRA)',184,81),('Portugal','B1',13,'DF','RUBEN DIAS','14.05.1997','RUBEN DIAS','SL Benfica (POR)',187,83),('Portugal','B1',14,'MF','WILLIAM','07.04.1992','WILLIAM','Sporting CP (POR)',190,80),('Portugal','B1',15,'DF','RICARDO','06.10.1993','RICARDO','FC Porto (POR)',174,70),('Portugal','B1',16,'MF','BRUNO FERNANDES','08.09.1994','B. FERNANDES','Sporting CP (POR)',183,64),('Portugal','B1',17,'FW','GONCALO GUEDES','29.11.1996','G. GUEDES','Valencia CF (ESP)',179,72),('Portugal','B1',18,'FW','GELSON MARTINS','11.05.1995','GELSON','Sporting CP (POR)',173,63),('Portugal','B1',19,'DF','MARIO RUI','27.05.1991','MARIO RUI','SSC Napoli (ITA)',168,67),('Portugal','B1',20,'FW','RICARDO QUARESMA','26.09.1983','QUARESMA','Besiktas JK (TUR)',175,73),('Portugal','B1',21,'DF','CEDRIC','31.08.1991','CEDRIC','Southampton FC (ENG)',172,67),('Portugal','B1',22,'GK','BETO','01.05.1982','BETO','Goztepe SK (TUR)',183,79),('Portugal','B1',23,'MF','ADRIEN SILVA','15.03.1989','ADRIEN','Leicester City FC (ENG)',176,72),('Spain','B2',1,'GK','DE GEA David','07.11.1990','DE GEA','Manchester United FC (ENG)',190,71),('Spain','B2',2,'DF','CARVAJAL Dani','11.01.1992','CARVAJAL','Real Madrid CF (ESP)',173,73),('Spain','B2',3,'DF','PIQUE Gerard','02.02.1987','PIQUE','FC Barcelona (ESP)',194,85),('Spain','B2',4,'DF','NACHO','18.01.1990','NACHO','Real Madrid CF (ESP)',179,77),('Spain','B2',5,'MF','BUSQUETS Sergio','16.07.1988','SERGIO','FC Barcelona (ESP)',189,78),('Spain','B2',6,'MF','INIESTA Andres','11.05.1984','A. INIESTA','FC Barcelona (ESP)',171,68),('Spain','B2',7,'MF','SAUL','21.11.1994','SAUL','Atletico Madrid (ESP)',183,76),('Spain','B2',8,'MF','KOKE','08.01.1992','KOKE','Atletico Madrid (ESP)',176,73),('Spain','B2',9,'FW','RODRIGO','06.03.1991','RODRIGO M.','Valencia CF (ESP)',182,72),('Spain','B2',10,'MF','THIAGO','11.04.1991','THIAGO','FC Bayern Munich (GER)',174,70),('Spain','B2',11,'FW','VAZQUEZ Lucas','01.07.1991','LUCAS V.','Real Madrid CF (ESP)',173,70),('Spain','B2',12,'DF','ODRIOZOLA Alvaro','14.12.1995','ODRIOZOLA','Real Sociedad (ESP)',178,67),('Spain','B2',13,'GK','ARRIZABALAGA Kepa','03.10.1994','ARRIZABALAGA','Athletic Bilbao (ESP)',189,84),('Spain','B2',14,'DF','AZPILICUETA Cesar','28.08.1989','AZPILICUETA','Chelsea FC (ENG)',178,78),('Spain','B2',15,'DF','RAMOS Sergio','30.03.1986','RAMOS','Real Madrid CF (ESP)',183,75),('Spain','B2',16,'DF','MONREAL Nacho','26.02.1986','MONREAL','Arsenal FC (ENG)',179,72),('Spain','B2',17,'FW','ASPAS Iago','01.08.1987','IAGO ASPAS','Celta Vigo (ESP)',176,67),('Spain','B2',18,'DF','ALBA Jordi','21.03.1989','JORDI ALBA','FC Barcelona (ESP)',170,68),('Spain','B2',19,'FW','COSTA Diego','07.10.1988','DIEGO COSTA','Atletico Madrid (ESP)',185,86),('Spain','B2',20,'MF','ASENSIO Marco','21.01.1996','ASENSIO','Real Madrid CF (ESP)',182,76),('Spain','B2',21,'FW','SILVA David','08.01.1986','SILVA','Manchester City FC (ENG)',170,67),('Spain','B2',22,'MF','ISCO','21.04.1992','ISCO','Real Madrid CF (ESP)',176,74),('Spain','B2',23,'GK','REINA Pepe','31.08.1982','REINA','SSC Napoli (ITA)',188,92),('Morocco','B3',1,'GK','BOUNOU Yassine','05.04.1991','BOUNOU','Girona FC (ESP)',190,77),('Morocco','B3',2,'DF','HAKIMI Achraf','04.11.1998','HAKIMI','Real Madrid CF (ESP)',179,65),('Morocco','B3',3,'DF','MENDYL Hamza','21.10.1997','MENDYL','Lille OSC (FRA)',179,70),('Morocco','B3',4,'DF','DA COSTA Manuel','06.05.1986','DA COSTA','Istanbul Basaksehir FK (TUR)',187,78),('Morocco','B3',5,'DF','BENATIA Mehdi','17.04.1987','BENATIA','Juventus FC (ITA)',188,88),('Morocco','B3',6,'DF','SAISS Romain','26.03.1990','SAISS','Wolverhampton Wanderers FC (ENG)',190,76),('Morocco','B3',7,'MF','ZIYACH Hakim','19.03.1993','ZIYACH','AFC Ajax (NED)',180,70),('Morocco','B3',8,'MF','EL AHMADI Karim','27.01.1985','EL AHMADI','Feyenoord Rotterdam (NED)',179,78),('Morocco','B3',9,'FW','EL KAABI Ayoub','25.06.1993','EL KAABI','RS Berkane (MAR)',182,72),('Morocco','B3',10,'MF','BELHANDA Younes','25.02.1990','BELHANDA','Galatasaray SK (TUR)',174,75),('Morocco','B3',11,'MF','FAJR Faycal','01.08.1988','FAJR','Getafe CF (ESP)',178,72),('Morocco','B3',12,'GK','EL KAJOUI Monir','10.05.1989','EL KAJOUI','CD Numancia (ESP)',190,88),('Morocco','B3',13,'FW','BOUTAIB Khalid','24.04.1987','BOUTAIB','Yeni Malatyaspor (TUR)',190,80),('Morocco','B3',14,'MF','BOUSSOUFA Mbark','15.08.1984','BOUSSOUFA','Al Jazira (UAE)',167,59),('Morocco','B3',15,'MF','AIT BENNASSER Youssef','07.07.1996','AIT BENNASSER','SM Caen (FRA)',184,75),('Morocco','B3',16,'MF','AMRABAT Noureddine','31.03.1987','N. AMRABAT','CD Leganes (ESP)',178,77),('Morocco','B3',17,'DF','DIRAR Nabil','25.02.1986','DIRAR','Fenerbahce SK (TUR)',187,82),('Morocco','B3',18,'MF','HARIT Amine','18.06.1997','HARIT','FC Schalke 04 (GER)',179,66),('Morocco','B3',19,'FW','EN NESYRI Youssef','01.06.1997','EN-NESYRI','Malaga CF (ESP)',188,75),('Morocco','B3',20,'FW','BOUHADDOUZ Aziz','30.03.1987','BOUHADDOUZ','FC St. Pauli (GER)',188,80),('Morocco','B3',21,'MF','AMRABAT Sofyan','21.08.1996','S. AMRABAT','Feyenoord Rotterdam (NED)',183,77),('Morocco','B3',22,'GK','TAGNAOUTI Ahmed','05.04.1996','TAGNAOUTI','IRT Tanger (MAR)',186,70),('Morocco','B3',23,'MF','CARCELA Mehdi','01.07.1989','CARCELA','Standard Liege (BEL)',176,67),('IR Iran','B4',1,'GK','BEIRANVAND Ali','21.09.1992','A. BEIRANVAND','Persepolis FC (IRN)',194,85),('IR Iran','B4',2,'MF','TORABI Mehdi','10.09.1994','M. TORABI','Saipa Alborz FC (IRN)',185,71),('IR Iran','B4',3,'DF','HAJI SAFI Ehsan','25.02.1990','HAJI SAFI','Olympiacos Piraeus FC (GRE)',178,75),('IR Iran','B4',4,'DF','CHESHMI Roozbeh','24.07.1993','R. CHESHMI','Esteghlal Tehran FC (IRN)',192,80),('IR Iran','B4',5,'DF','MOHAMMADI Milad','29.09.1993','M. MOHAMMADI','FC Akhmat Grozny (RUS)',178,69),('IR Iran','B4',6,'MF','EZATOLAHI Saeid','01.10.1996','S. EZATOLAHI','FK Amkar Perm (RUS)',190,82),('IR Iran','B4',7,'MF','SHOJAEI Masoud','09.06.1984','SHOJAEI M.','AEK Athens (GRE)',187,79),('IR Iran','B4',8,'DF','POURALIGANJI Morteza','19.04.1992','M. POURALIGANJI','Al Sadd SC (QAT)',187,83),('IR Iran','B4',9,'MF','EBRAHIMI Omid','16.09.1987','OMID','Esteghlal Tehran FC (IRN)',178,75),('IR Iran','B4',10,'FW','ANSARIFARD Karim','03.04.1990','KARIM','Olympiacos Piraeus FC (GRE)',187,80),('IR Iran','B4',11,'MF','AMIRI Vahid','02.04.1988','V. AMIRI','Persepolis FC (IRN)',179,71),('IR Iran','B4',12,'GK','MAZAHERI Rashid','18.05.1989','RASHID','Zob Ahan Isfahan FC (IRN)',192,84),('IR Iran','B4',13,'DF','KHANZADEH Mohammad Reza','11.05.1991','M.R. KHANZADEH','Padideh FC (IRN)',186,80),('IR Iran','B4',14,'FW','GHODDOS Saman','06.09.1993','GHODDOS','IFK Ostersund FK (SWE)',177,79),('IR Iran','B4',15,'DF','MONTAZERI Pejman','06.09.1983','P. MONTAZERI','Esteghlal Tehran FC (IRN)',185,77),('IR Iran','B4',16,'FW','GHOOCHANNEJHAD Reza','20.09.1987','REZA','SC Heerenveen (NED)',180,79),('IR Iran','B4',17,'FW','TAREMI Mehdi','18.07.1992','MEHDI','Al Gharafa SC (QAT)',187,80),('IR Iran','B4',18,'FW','JAHANBAKHSH Alireza','11.08.1993','A. JAHANBAKHSH','AZ Alkmaar (NED)',180,77),('IR Iran','B4',19,'DF','HOSSEINI Majid','20.06.1996','M. HOSSEINI','Esteghlal Tehran FC (IRN)',183,78),('IR Iran','B4',20,'FW','AZMOUN Sardar','01.01.1995','SARDAR','FC Rubin Kazan (RUS)',186,80),('IR Iran','B4',21,'FW','DEJAGAH Ashkan','05.07.1986','DEJAGAH','Nottingham Forest FC (ENG)',181,78),('IR Iran','B4',22,'GK','ABEDZADEH Amir','26.04.1993','ABEDZADEH','CS Maritimo (POR)',186,80),('IR Iran','B4',23,'DF','REZAEIAN Ramin','21.03.1990','RAMIN','KV Oostende (BEL)',185,75),('France','C1',1,'GK','LLORIS Hugo','26.12.1986','LLORIS','Tottenham Hotspur FC (ENG)',188,82),('France','C1',2,'DF','PAVARD Benjamin','28.03.1996','PAVARD','VfB Stuttgart (GER)',186,76),('France','C1',3,'DF','KIMPEMBE Presnel','13.08.1995','KIMPEMBE','Paris Saint-Germain FC (FRA)',182,78),('France','C1',4,'DF','VARANE Raphael','25.04.1993','VARANE','Real Madrid CF (ESP)',191,79),('France','C1',5,'DF','UMTITI Samuel','14.11.1993','UMTITI','FC Barcelona (ESP)',183,84),('France','C1',6,'MF','POGBA Paul','15.03.1993','POGBA','Manchester United FC (ENG)',191,86),('France','C1',7,'FW','GRIEZMANN Antoine','21.03.1991','GRIEZMANN','Atletico Madrid (ESP)',174,72),('France','C1',8,'FW','LEMAR Thomas','12.11.1995','LEMAR','AS Monaco (FRA)',172,65),('France','C1',9,'FW','GIROUD Olivier','30.09.1986','GIROUD','Chelsea FC (ENG)',193,91),('France','C1',10,'FW','MBAPPE Kylian','20.12.1998','MBAPPE','Paris Saint-Germain FC (FRA)',178,78),('France','C1',11,'FW','DEMBELE Ousmane','15.05.1997','DEMBELE','FC Barcelona (ESP)',178,70),('France','C1',12,'MF','TOLISSO Corentin','03.08.1994','TOLISSO','FC Bayern Munich (GER)',180,82),('France','C1',13,'MF','KANTE Ngolo','29.03.1991','KANTE','Chelsea FC (ENG)',168,70),('France','C1',14,'MF','MATUIDI Blaise','09.04.1987','MATUIDI','Juventus FC (ITA)',180,74),('France','C1',15,'MF','NZONZI Steven','15.12.1988','NZONZI','Sevilla FC (ESP)',197,87),('France','C1',16,'GK','MANDANDA Steve','28.03.1985','MANDANDA','Olympique Marseille (FRA)',187,88),('France','C1',17,'DF','RAMI Adil','27.12.1985','RAMI','Olympique Marseille (FRA)',190,90),('France','C1',18,'FW','FEKIR Nabil','18.07.1993','FEKIR','Olympique Lyon (FRA)',173,76),('France','C1',19,'DF','SIDIBE Djibril','29.07.1992','SIDIBE','AS Monaco (FRA)',184,81),('France','C1',20,'FW','THAUVIN Florian','26.01.1993','THAUVIN','Olympique Marseille (FRA)',180,76),('France','C1',21,'DF','HERNANDEZ Lucas','14.02.1996','HERNANDEZ','Atletico Madrid (ESP)',183,76),('France','C1',22,'DF','MENDY Benjamin','17.07.1994','MENDY','Manchester City FC (ENG)',183,84),('France','C1',23,'GK','AREOLA Alphonse','27.02.1993','AREOLA','Paris Saint-Germain FC (FRA)',195,95),('Australia','C2',1,'GK','RYAN Mathew','08.04.1992','RYAN','Brighton & Hove Albion FC (ENG)',184,82),('Australia','C2',2,'DF','DEGENEK Milos','28.04.1994','DEGENEK','Yokohama Marinos (JPN)',187,85),('Australia','C2',3,'DF','MEREDITH James','05.04.1988','MEREDITH','Millwall FC (ENG)',179,71),('Australia','C2',4,'FW','CAHILL Tim','06.12.1979','CAHILL','Millwall FC (ENG)',180,76),('Australia','C2',5,'DF','MILLIGAN Mark','04.08.1985','MILLIGAN','Al Ahli SC (KSA)',178,78),('Australia','C2',6,'DF','JURMAN Matthew','08.12.1989','JURMAN','Suwon Samsung Bluewings FC (KOR)',190,83),('Australia','C2',7,'FW','LECKIE Mathew','04.02.1991','LECKIE','Hertha BSC (GER)',181,84),('Australia','C2',8,'MF','LUONGO Massimo','25.09.1992','LUONGO','Queens Park Rangers FC (ENG)',176,76),('Australia','C2',9,'FW','JURIC Tomi','22.07.1991','JURIC','FC Luzern (SUI)',190,80),('Australia','C2',10,'FW','KRUSE Robbie','05.10.1988','KRUSE','VfL Bochum (GER)',180,66),('Australia','C2',11,'FW','NABBOUT Andrew','17.12.1992','NABBOUT','Urawa Reds (JPN)',178,85),('Australia','C2',12,'GK','JONES Brad','19.03.1982','JONES','Feyenoord Rotterdam (NED)',193,87),('Australia','C2',13,'MF','MOOY Aaron','15.09.1990','MOOY','Huddersfield Town FC (ENG)',173,72),('Australia','C2',14,'FW','MacLAREN Jamie','29.07.1993','MACLAREN','Hibernian FC (SCO)',178,72),('Australia','C2',15,'MF','JEDINAK Mile','03.08.1984','JEDINAK','Aston Villa FC (ENG)',188,78),('Australia','C2',16,'DF','BEHICH Aziz','16.12.1990','BEHICH','Bursaspor (TUR)',170,63),('Australia','C2',17,'FW','ARZANI Daniel','04.01.1999','ARZANI','Melbourne City FC (AUS)',171,73),('Australia','C2',18,'GK','VUKOVIC Danny','27.03.1985','VUKOVIC','KRC Genk (BEL)',187,94),('Australia','C2',19,'DF','RISDON Joshua','27.07.1992','RISDON','WS Wanderers FC (AUS)',169,70),('Australia','C2',20,'DF','SAINSBURY Trent','05.01.1992','SAINSBURY','Grasshopper Club (SUI)',183,76),('Australia','C2',21,'FW','PETRATOS Dimitrios','10.11.1992','PETRATOS','Newcastle United Jets FC (AUS)',176,72),('Australia','C2',22,'MF','IRVINE Jackson','07.03.1993','IRVINE','Hull City FC (ENG)',180,77),('Australia','C2',23,'MF','ROGIC Tom','16.12.1992','ROGIC','Celtic FC (SCO)',189,88),('Peru','C3',1,'GK','GALLESE Pedro','23.02.1990','GALLESE','CD Tiburones Rojos de Veracruz (MEX)',189,79),('Peru','C3',2,'DF','RODRIGUEZ Alberto','31.03.1984','RODRIGUEZ','Atletico Junior (COL)',179,78),('Peru','C3',3,'DF','CORZO Aldo','20.05.1989','CORZO','Universitario Lima (PER)',172,75),('Peru','C3',4,'DF','SANTAMARIA Anderson','10.01.1992','SANTAMARIA','Puebla FC (MEX)',183,84),('Peru','C3',5,'DF','ARAUJO Miguel','24.10.1994','ARAUJO','Alianza Lima (PER)',178,77),('Peru','C3',6,'DF','TRAUCO Miguel','25.08.1992','TRAUCO','CR Flamengo (BRA)',169,74),('Peru','C3',7,'MF','HURTADO Paolo','27.07.1990','HURTADO','Vitoria Guimaraes (POR)',174,66),('Peru','C3',8,'MF','CUEVA Christian','23.11.1991','CUEVA','Sao Paulo FC (BRA)',169,69),('Peru','C3',9,'FW','GUERRERO Paolo','01.01.1984','GUERRERO','CR Flamengo (BRA)',185,88),('Peru','C3',10,'FW','FARFAN Jefferson','26.10.1984','FARFAN','FC Lokomotiv Moscow (RUS)',177,85),('Peru','C3',11,'FW','RUIDIAZ Raul','25.07.1990','RUIDIAZ','CA Monarcas Morelia (MEX)',169,67),('Peru','C3',12,'GK','CACEDA Carlos','27.09.1991','CACEDA','Deportivo Municipal (PER)',184,78),('Peru','C3',13,'MF','TAPIA Renato','28.07.1995','TAPIA','Feyenoord Rotterdam (NED)',185,85),('Peru','C3',14,'MF','POLO Andy','29.09.1994','POLO','Portland Timbers (USA)',174,71),('Peru','C3',15,'DF','RAMOS Christian','04.11.1988','RAMOS','CD Tiburones Rojos de Veracruz (MEX)',182,72),('Peru','C3',16,'MF','CARTAGENA Wilder','23.09.1994','CARTAGENA','CD Tiburones Rojos de Veracruz (MEX)',179,76),('Peru','C3',17,'DF','ADVINCULA Luis','02.03.1990','ADVINCULA','Lobos BUAP (MEX)',178,80),('Peru','C3',18,'FW','CARRILLO Andre','14.06.1991','CARRILLO','Watford FC (ENG)',182,77),('Peru','C3',19,'MF','YOTUN Yoshimar','07.04.1990','YOTUN','Orlando City SC (USA)',172,69),('Peru','C3',20,'FW','FLORES Edison','14.05.1994','FLORES','Aalborg BK (DEN)',170,72),('Peru','C3',21,'GK','CARVALLO Jose','01.03.1986','CARVALLO','Universidad Tecnica de Cajamarca (PER)',182,84),('Peru','C3',22,'DF','LOYOLA Nilson','26.10.1994','LOYOLA','FBC Melgar (PER)',179,68),('Peru','C3',23,'MF','AQUINO Pedro','13.04.1995','AQUINO','Lobos BUAP (MEX)',174,71),('Denmark','C4',1,'GK','SCHMEICHEL Kasper','05.11.1986','SCHMEICHEL','Leicester City FC (ENG)',190,92),('Denmark','C4',2,'MF','KROHN-DEHLI Michael','06.06.1983','KROHN-DEHLI','Deportivo La Coruna (ESP)',171,69),('Denmark','C4',3,'DF','VESTERGAARD Jannik','03.08.1992','VESTERGAARD','VfL Borussia Monchengladbach (GER)',200,98),('Denmark','C4',4,'DF','KJAER Simon','26.03.1989','KJAER','Sevilla FC (ESP)',191,84),('Denmark','C4',5,'DF','KNUDSEN Jonas','16.09.1992','KNUDSEN','Ipswich Town FC (ENG)',187,82),('Denmark','C4',6,'DF','CHRISTENSEN Andreas','10.04.1996','CHRISTENSEN','Chelsea FC (ENG)',192,85),('Denmark','C4',7,'MF','KVIST William','24.02.1985','KVIST','FC Kobenhavn (DEN)',185,80),('Denmark','C4',8,'MF','DELANEY Thomas','03.09.1991','DELANEY','SV Werder Bremen (GER)',180,78),('Denmark','C4',9,'FW','JORGENSEN Nicolai','15.01.1991','N. JORGENSEN','Feyenoord Rotterdam (NED)',194,86),('Denmark','C4',10,'MF','ERIKSEN Christian','14.02.1992','ERIKSEN','Tottenham Hotspur FC (ENG)',181,76),('Denmark','C4',11,'FW','BRAITHWAITE Martin','05.06.1991','BRAITHWAITE','FC Girondins Bordeaux (FRA)',180,73),('Denmark','C4',12,'FW','DOLBERG Kasper','06.10.1997','DOLBERG','AFC Ajax (NED)',187,85),('Denmark','C4',13,'DF','JORGENSEN Mathias','23.04.1990','M. JORGENSEN','Huddersfield Town FC (ENG)',191,85),('Denmark','C4',14,'DF','DALSGAARD Henrik','27.07.1989','DALSGAARD','Brentford FC (ENG)',190,81),('Denmark','C4',15,'FW','FISCHER Viktor','09.06.1994','FISCHER','FC Kobenhavn (DEN)',181,80),('Denmark','C4',16,'GK','LOSSL Jonas','01.02.1989','LOSSL','Huddersfield Town FC (ENG)',195,90),('Denmark','C4',17,'DF','STRYGER LARSEN Jens','21.02.1991','STRYGER','Udinese Calcio (ITA)',182,82),('Denmark','C4',18,'MF','LERAGER Lukas','12.07.1993','LERAGER','FC Girondins Bordeaux (FRA)',186,85),('Denmark','C4',19,'MF','SCHONE Lasse','27.05.1986','SCHĂNE','AFC Ajax (NED)',178,80),('Denmark','C4',20,'FW','POULSEN Yussuf Yurary','15.06.1994','YURARY','RB Leipzig (GER)',193,84),('Denmark','C4',21,'FW','CORNELIUS Andreas','16.03.1993','CORNELIUS','Atalanta Bergamo (ITA)',195,91),('Denmark','C4',22,'GK','RONNOW Frederik','04.08.1992','RONNOW','Brondby IF (DEN)',190,85),('Denmark','C4',23,'FW','SISTO Pione','04.02.1995','SISTO','Celta Vigo (ESP)',173,69),('Argentina','D1',1,'GK','GUZMAN Nahuel','10.02.1986','GUZMAN','Tigres UANL (MEX)',192,90),('Argentina','D1',2,'DF','MERCADO Gabriel','18.03.1987','MERCADO','Sevilla FC (ESP)',181,81),('Argentina','D1',3,'DF','TAGLIAFICO Nicolas','31.08.1992','TAGLIAFICO','AFC Ajax (NED)',169,65),('Argentina','D1',4,'DF','ANSALDI Cristian','20.09.1986','ANSALDI','Torino FC (ITA)',181,73),('Argentina','D1',5,'MF','BIGLIA Lucas','30.01.1986','BIGLIA','AC Milan (ITA)',175,73),('Argentina','D1',6,'DF','FAZIO Federico','17.03.1987','FAZIO','AS Roma (ITA)',199,85),('Argentina','D1',7,'MF','BANEGA Ever','29.06.1988','BANEGA','Sevilla FC (ESP)',175,73),('Argentina','D1',8,'DF','ACUNA Marcos','28.10.1991','ACUNA','Sporting CP (POR)',172,77),('Argentina','D1',9,'FW','HIGUAIN Gonzalo','10.12.1987','HIGUAIN','Juventus FC (ITA)',184,75),('Argentina','D1',10,'FW','MESSI Lionel','24.06.1987','MESSI','FC Barcelona (ESP)',170,72),('Argentina','D1',11,'MF','DI MARIA Angel','14.02.1988','DI MARIA','Paris Saint-Germain FC (FRA)',178,75),('Argentina','D1',12,'GK','ARMANI Franco','16.10.1986','ARMANI','CA River Plate (ARG)',189,85),('Argentina','D1',13,'MF','MEZA Maximiliano','15.12.1992','MEZA','CA Independiente (ARG)',180,76),('Argentina','D1',14,'DF','MASCHERANO Javier','08.06.1984','MASCHERANO','Hebei China Fortune FC (CHN)',174,73),('Argentina','D1',15,'MF','LANZINI Manuel','15.02.1993','LANZINI','West Ham United FC (ENG)',167,66),('Argentina','D1',16,'DF','ROJO Marcos','20.03.1990','ROJO','Manchester United FC (ENG)',189,82),('Argentina','D1',17,'DF','OTAMENDI Nicolas','12.02.1988','OTAMENDI','Manchester City FC (ENG)',181,81),('Argentina','D1',18,'DF','SALVIO Eduardo','13.07.1990','SALVIO','SL Benfica (POR)',167,69),('Argentina','D1',19,'FW','AGUERO Sergio','02.06.1988','AGĂERO','Manchester City FC (ENG)',172,74),('Argentina','D1',20,'MF','LO CELSO Giovani','09.04.1996','LO CELSO','Paris Saint-Germain FC (FRA)',177,75),('Argentina','D1',21,'FW','DYBALA Paulo','15.11.1993','DYBALA','Juventus FC (ITA)',177,73),('Argentina','D1',22,'MF','PAVON Cristian','21.01.1996','PAVON','CA Boca Juniors (ARG)',169,65),('Argentina','D1',23,'GK','CABALLERO Wilfredo','28.09.1981','CABALLERO','Chelsea FC (ENG)',186,80),('Iceland','D2',1,'GK','HALLDORSSON Hannes','27.04.1984','HALLDORSSON','Randers FC (DEN)',193,88),('Iceland','D2',2,'DF','SAEVARSSON Birkir','11.11.1984','SAEVARSSON','Valur Reykjavik (ISL)',186,75),('Iceland','D2',3,'MF','FRIDJONSSON Samuel','22.02.1996','FRIDJONSSON','Valerenga IF (NOR)',185,78),('Iceland','D2',4,'MF','GUDMUNDSSON Albert','15.06.1997','A. GUDMUNDSSON','PSV Eindhoven (NED)',177,80),('Iceland','D2',5,'DF','INGASON Sverrir','05.08.1993','INGASON','FC Rostov (RUS)',188,80),('Iceland','D2',6,'DF','SIGURDSSON Ragnar','19.06.1986','R. SIGURDSSON','FC Rostov (RUS)',187,86),('Iceland','D2',7,'MF','GUDMUNDSSON Johann','27.10.1990','J. GUDMUNDSSON','Burnley FC (ENG)',179,77),('Iceland','D2',8,'MF','BJARNASON Birkir','27.05.1988','B. BJARNASON','Aston Villa FC (ENG)',183,77),('Iceland','D2',9,'FW','SIGURDARSON Bjorn','26.02.1991','SIGURDARSON','FC Rostov (RUS)',187,85),('Iceland','D2',10,'MF','SIGURDSSON Gylfi','08.09.1989','G. SIGURDSSON','Everton FC (ENG)',186,82),('Iceland','D2',11,'FW','FINNBOGASON Alfred','01.02.1989','FINNBOGASON','FC Augsburg (GER)',185,79),('Iceland','D2',12,'GK','SCHRAM Frederik','19.01.1995','SCHRAM','Roskilde BK (DEN)',198,92),('Iceland','D2',13,'GK','RUNARSSON Runar','18.02.1995','RUNARSSON','FC Nordsjaelland (DEN)',186,76),('Iceland','D2',14,'DF','ARNASON Kari','13.10.1982','ARNASON','Aberdeen FC (SCO)',191,82),('Iceland','D2',15,'DF','EYJOLFSSON Holmar','06.08.1990','EYJOLFSSON','Levski Sofia (BUL)',188,81),('Iceland','D2',16,'MF','SKULASON Olafur','01.04.1983','O. SKULASON','Karabukspor (TUR)',184,79),('Iceland','D2',17,'MF','GUNNARSSON Aron','22.04.1989','GUNNARSSON','Cardiff City FC (WAL)',181,86),('Iceland','D2',18,'DF','MAGNUSSON Hordur','11.02.1993','MAGNUSSON','Bristol City FC (ENG)',191,85),('Iceland','D2',19,'MF','GISLASON Rurik','25.02.1988','GISLASON','SV Sandhausen (GER)',184,78),('Iceland','D2',20,'MF','HALLFREDSSON Emil','29.06.1984','HALLFREDSSON','Udinese Calcio (ITA)',186,86),('Iceland','D2',21,'MF','TRAUSTASON Arnor','30.04.1993','TRAUSTASON','Malmo FF (SWE)',183,73),('Iceland','D2',22,'FW','BODVARSSON Jon','25.05.1992','BODVARSSON','Reading FC (ENG)',189,89),('Iceland','D2',23,'DF','SKULASON Ari','14.05.1987','A. SKULASON','KSC Lokeren (BEL)',170,63),('Croatia','D3',1,'GK','LIVAKOVIC Dominik','09.01.1995','LIVAKOVC','GNK Dinamo Zagreb (CRO)',188,82),('Croatia','D3',2,'DF','VRSALJKO Sime','10.01.1992','VRSALJKO','Atletico Madrid (ESP)',181,76),('Croatia','D3',3,'DF','STRINIC Ivan','17.07.1987','STRINIC','UC Sampdoria (ITA)',186,78),('Croatia','D3',4,'FW','PERISIC Ivan','02.02.1989','PERISIC','FC Internazionale (ITA)',186,81),('Croatia','D3',5,'DF','CORLUKA Vedran','05.02.1986','CORLUKA','FC Lokomotiv Moscow (RUS)',192,84),('Croatia','D3',6,'DF','LOVREN Dejan','05.07.1989','LOVREN','Liverpool FC (ENG)',188,84),('Croatia','D3',7,'MF','RAKITIC Ivan','10.03.1988','RAKITIC','FC Barcelona (ESP)',184,78),('Croatia','D3',8,'MF','KOVACIC Mateo','06.05.1994','KOVACIC','Real Madrid CF (ESP)',178,78),('Croatia','D3',9,'FW','KRAMARIC Andrej','19.06.1991','KRAMARIC','TSG 1899 Hoffenheim (GER)',177,73),('Croatia','D3',10,'MF','MODRIC Luka','09.09.1985','MODRIC','Real Madrid CF (ESP)',172,66),('Croatia','D3',11,'MF','BROZOVIC Marcelo','16.11.1992','BROZOVIC','FC Internazionale (ITA)',181,68),('Croatia','D3',12,'GK','KALINIC Lovre','03.04.1990','L. KALINIC','KAA Gent (BEL)',201,96),('Croatia','D3',13,'DF','JEDVAJ Tin','28.11.1995','JEDVAJ','Bayer 04 Leverkusen (GER)',184,81),('Croatia','D3',14,'MF','BRADARIC Filip','11.01.1992','BRADARIC','HNK Rijeka (CRO)',186,78),('Croatia','D3',15,'DF','CALETA-CAR Duje','17.09.1996','CALETA-CAR','FC Red Bull Salzburg (AUT)',192,89),('Croatia','D3',16,'FW','KALINIC Nikola','05.01.1988','N. KALINIC','AC Milan (ITA)',187,81),('Croatia','D3',17,'FW','MANDZUKIC Mario','21.05.1986','MANDZUKIC','Juventus FC (ITA)',190,85),('Croatia','D3',18,'FW','REBIC Ante','21.09.1993','REBIC','Eintracht Frankfurt (GER)',185,78),('Croatia','D3',19,'MF','BADELJ Milan','25.02.1989','BADELJ','ACF Fiorentina (ITA)',186,76),('Croatia','D3',20,'FW','PJACA Marko','06.05.1995','PJACA','FC Schalke 04 (GER)',186,83),('Croatia','D3',21,'DF','VIDA Domagoj','29.04.1989','VIDA','Besiktas JK (TUR)',184,76),('Croatia','D3',22,'DF','PIVARIC Josip','30.01.1989','PIVARIC','FC Dynamo Kyiv (UKR)',176,69),('Croatia','D3',23,'GK','SUBASIC Danijel','27.10.1984','SUBACIC','AS Monaco (FRA)',191,84),('Nigeria','D4',1,'GK','EZENWA Ikechukwu','16.10.1988','EZENWA','Enyimba FC (NGA)',181,80),('Nigeria','D4',2,'DF','IDOWU Bryan','18.05.1992','IDOWU','FK Amkar Perm (RUS)',179,75),('Nigeria','D4',3,'DF','ECHIEJILE Elderson','20.01.1988','ECHIEJILE','Cercle Brugge (BEL)',185,82),('Nigeria','D4',4,'MF','NDIDI Onyinye','16.12.1996','NDIDI','Leicester City FC (ENG)',184,73),('Nigeria','D4',5,'DF','EKONG William','01.09.1993','EKONG','Bursaspor (TUR)',191,85),('Nigeria','D4',6,'DF','BALOGUN Leon','28.06.1988','BALOGUN','FSV Mainz 05 (GER)',190,89),('Nigeria','D4',7,'FW','MUSA Ahmed','14.10.1992','MUSA','CSKA Moscow (RUS)',173,65),('Nigeria','D4',8,'MF','ETEBO Oghenekaro','09.11.1995','ETEBO','UD Las Palmas (ESP)',174,74),('Nigeria','D4',9,'FW','IGHALO Odion','16.06.1989','IGHALO','Changchun Yatai (CHN)',188,83),('Nigeria','D4',10,'MF','MIKEL John Obi','22.04.1987','MIKEL','Tianjin Teda (CHN)',188,82),('Nigeria','D4',11,'FW','MOSES Victor','12.12.1990','MOSES','Chelsea FC (ENG)',177,75),('Nigeria','D4',12,'DF','SHEHU Abdullahi','12.03.1993','SHEHU','Bursaspor (TUR)',182,75),('Nigeria','D4',13,'FW','NWANKWO Simeon','07.05.1992','NWANKWO','FC Crotone (ITA)',197,89),('Nigeria','D4',14,'FW','IHEANACHO Kelechi','10.03.1996','IHEANACHO','Leicester City FC (ENG)',183,80),('Nigeria','D4',15,'MF','OBI Joel','22.05.1991','OBI','Torino FC (ITA)',177,77),('Nigeria','D4',16,'GK','AKPEYI Daniel','08.03.1986','AKPEYI','Chippa United FC (RSA)',187,94),('Nigeria','D4',17,'MF','ONAZI Ogenyi','25.12.1992','ONAZI','Trabzonspor (TUR)',172,74),('Nigeria','D4',18,'FW','IWOBI Alex','03.05.1996','IWOBI','Arsenal FC (ENG)',185,86),('Nigeria','D4',19,'MF','OGU John','20.04.1988','OGU','Hapoel Be\'er Sheva FC (ISR)',191,90),('Nigeria','D4',20,'DF','AWAZIEM Chidozie','01.01.1997','AWAZIEM','FC Nantes (FRA)',192,76),('Nigeria','D4',21,'DF','EBUEHI Tyronne','16.12.1995','EBUEHI','ADO Den Haag (NED)',187,74),('Nigeria','D4',22,'DF','OMERUO Kenneth','17.10.1993','OMERUO','Kasimpasa SK (TUR)',185,82),('Nigeria','D4',23,'GK','UZOHO Francis','28.10.1998','UZOHO','Deportivo La Coruna (ESP)',196,91),('Brazil','E1',1,'GK','ALISSON','02.10.1992','A. BECKER','AS Roma (ITA)',193,91),('Brazil','E1',2,'DF','THIAGO SILVA','22.09.1984','T. SILVA','Paris Saint-Germain FC (FRA)',183,79),('Brazil','E1',3,'DF','MIRANDA','07.09.1984','MIRANDA','FC Internazionale (ITA)',186,78),('Brazil','E1',4,'DF','PEDRO GEROMEL','21.09.1985','GEROMEL','Gremio FBPA (BRA)',190,84),('Brazil','E1',5,'MF','CASEMIRO','23.02.1992','CASEMIRO','Real Madrid CF (ESP)',185,84),('Brazil','E1',6,'DF','FILIPE LUIS','09.08.1985','FILIPE LUIS','Atletico Madrid (ESP)',182,73),('Brazil','E1',7,'FW','DOUGLAS COSTA','14.09.1990','D. COSTA','Juventus FC (ITA)',182,70),('Brazil','E1',8,'MF','RENATO AUGUSTO','08.02.1988','R. AUGUSTO','Beijing Guoan (CHN)',186,86),('Brazil','E1',9,'FW','GABRIEL JESUS','03.04.1997','G. JESUS','Manchester City FC (ENG)',175,73),('Brazil','E1',10,'FW','NEYMAR','05.02.1992','NEYMAR JR','Paris Saint-Germain FC (FRA)',175,68),('Brazil','E1',11,'MF','PHILIPPE COUTINHO','12.06.1992','P. COUTINHO','FC Barcelona (ESP)',172,68),('Brazil','E1',12,'DF','MARCELO','12.05.1988','MARCELO','Real Madrid CF (ESP)',174,80),('Brazil','E1',13,'DF','MARQUINHOS','14.05.1994','MARQUINHOS','Paris Saint-Germain FC (FRA)',183,75),('Brazil','E1',14,'DF','DANILO','15.07.1991','DANILO','Manchester City FC (ENG)',184,78),('Brazil','E1',15,'MF','PAULINHO','25.07.1988','PAULINHO','FC Barcelona (ESP)',181,81),('Brazil','E1',16,'GK','CASSIO','06.06.1987','CASSIO','SC Corinthians (BRA)',195,92),('Brazil','E1',17,'MF','FERNANDINHO','04.05.1985','FERNANDINHO','Manchester City FC (ENG)',179,67),('Brazil','E1',18,'MF','FRED','05.03.1993','FRED','FC Shakhtar Donetsk (UKR)',169,64),('Brazil','E1',19,'MF','WILLIAN','09.08.1988','WILLIAN','Chelsea FC (ENG)',175,77),('Brazil','E1',20,'FW','ROBERTO FIRMINO','02.10.1991','FIRMINO','Liverpool FC (ENG)',181,76),('Brazil','E1',21,'FW','TAISON','13.01.1988','TAISON','FC Shakhtar Donetsk (UKR)',172,64),('Brazil','E1',22,'DF','FAGNER','11.06.1989','FAGNER','SC Corinthians (BRA)',168,67),('Brazil','E1',23,'GK','EDERSON','17.08.1993','EDERSON','Manchester City FC (ENG)',188,86),('Switzerland','E2',1,'GK','SOMMER Yann','17.12.1988','SOMMER','VfL Borussia Monchengladbach (GER)',183,81),('Switzerland','E2',2,'DF','LICHTSTEINER Stephan','16.01.1984','LICHTSTEINER','Juventus FC (ITA)',181,77),('Switzerland','E2',3,'DF','MOUBANDJE Francois','21.06.1990','MOUBANDJE','Toulouse FC (FRA)',180,76),('Switzerland','E2',4,'DF','ELVEDI Nico','30.09.1996','ELVEDI','VfL Borussia Monchengladbach (GER)',187,77),('Switzerland','E2',5,'DF','AKANJI Manuel','19.07.1995','AKANJI','Borussia Dortmund (GER)',186,85),('Switzerland','E2',6,'DF','LANG Michael','08.02.1991','LANG','FC Basel (SUI)',185,78),('Switzerland','E2',7,'FW','EMBOLO Breel','14.02.1997','EMBOLO','FC Schalke 04 (GER)',184,86),('Switzerland','E2',8,'MF','FREULER Remo','15.04.1992','FREULER','Atalanta Bergamo (ITA)',181,75),('Switzerland','E2',9,'FW','SEFEROVIC Haris','22.02.1992','SEFEROVIC','SL Benfica (POR)',186,88),('Switzerland','E2',10,'MF','XHAKA Granit','27.09.1992','XHAKA','Arsenal FC (ENG)',183,82),('Switzerland','E2',11,'MF','BEHRAMI Valon','19.04.1985','BEHRAMI','Udinese Calcio (ITA)',184,78),('Switzerland','E2',12,'GK','MVOGO Yvon','06.06.1994','MVOGO','RB Leipzig (GER)',186,84),('Switzerland','E2',13,'DF','RODRIGUEZ Ricardo','25.08.1992','RODRIGUEZ','AC Milan (ITA)',180,79),('Switzerland','E2',14,'MF','ZUBER Steven','17.08.1991','ZUBER','TSG 1899 Hoffenheim (GER)',182,79),('Switzerland','E2',15,'MF','DZEMAILI Blerim','12.04.1986','DZEMAILI','Bologna FC (ITA)',180,77),('Switzerland','E2',16,'MF','FERNANDES Gelson','02.09.1986','G. FERNANDES','Eintracht Frankfurt (GER)',180,72),('Switzerland','E2',17,'MF','ZAKARIA Denis','20.11.1996','ZAKARIA','VfL Borussia Monchengladbach (GER)',189,77),('Switzerland','E2',18,'FW','GAVRANOVIC Mario','24.11.1989','GAVRANOVIC','GNK Dinamo Zagreb (CRO)',175,75),('Switzerland','E2',19,'FW','DRMIC Josip','08.08.1992','DRMIC','VfL Borussia Monchengladbach (GER)',184,78),('Switzerland','E2',20,'DF','DJOUROU Johan','18.01.1987','DJOUROU','Antalyaspor AS (TUR)',192,90),('Switzerland','E2',21,'GK','BUERKI Roman','14.11.1990','BUERKI','Borussia Dortmund (GER)',188,83),('Switzerland','E2',22,'DF','SCHAER Fabian','20.12.1991','SCHAER','Deportivo La Coruna (ESP)',186,83),('Switzerland','E2',23,'MF','SHAQIRI Xherdan','10.10.1991','SHAQIRI','Stoke City FC (ENG)',165,78),('Costa Rica','E3',1,'GK','NAVAS Keylor','15.12.1986','K. NAVAS','Real Madrid CF (ESP)',185,80),('Costa Rica','E3',2,'DF','ACOSTA Johnny','21.07.1983','J. ACOSTA','Rionegro Aguilas (COL)',176,75),('Costa Rica','E3',3,'DF','GONZALEZ Giancarlo','08.02.1988','G. GONZALEZ','Bologna FC (ITA)',186,78),('Costa Rica','E3',4,'DF','SMITH Ian','06.03.1998','I. SMITH','IFK Norrkoping FK (SWE)',177,68),('Costa Rica','E3',5,'MF','BORGES Celso','27.05.1988','C. BORGES','Deportivo La Coruna (ESP)',187,79),('Costa Rica','E3',6,'DF','DUARTE Oscar','03.06.1989','O. DUARTE','RCD Espanyol (ESP)',186,81),('Costa Rica','E3',7,'MF','BOLANOS Christian','17.05.1984','C. BOLANOS','Deportivo Saprissa (CRC)',178,67),('Costa Rica','E3',8,'DF','OVIEDO Bryan','18.02.1990','B. OVIEDO','Sunderland AFC (ENG)',172,70),('Costa Rica','E3',9,'MF','COLINDRES Daniel','10.01.1985','D. COLINDRES','Deportivo Saprissa (CRC)',180,75),('Costa Rica','E3',10,'MF','RUIZ Bryan','18.08.1985','BRYAN','Sporting CP (POR)',187,73),('Costa Rica','E3',11,'FW','VENEGAS Johan','27.11.1988','J. VENEGAS','Deportivo Saprissa (CRC)',183,76),('Costa Rica','E3',12,'FW','CAMPBELL Joel','26.06.1992','J. CAMPBELL','Real Betis (ESP)',178,71),('Costa Rica','E3',13,'MF','WALLACE Rodney','17.06.1988','R. WALLACE','New York City FC (USA)',180,70),('Costa Rica','E3',14,'MF','AZOFEIFA Randall','30.12.1984','R. AZOFEIFA','CS Herediano (CRC)',182,83),('Costa Rica','E3',15,'DF','CALVO Francisco','08.07.1992','F. CALVO','Minnesota United FC (USA)',180,78),('Costa Rica','E3',16,'DF','GAMBOA Cristian','24.10.1989','C. GAMBOA','Celtic FC (SCO)',175,67),('Costa Rica','E3',17,'MF','TEJEDA Yeltsin','17.03.1992','Y. TEJEDA','FC Lausanne-Sport (SUI)',179,67),('Costa Rica','E3',18,'GK','PEMBERTON Patrick','24.04.1982','P. PEMBERTON','LD Alajuelense (CRC)',178,72),('Costa Rica','E3',19,'DF','WASTON Kendall','01.01.1988','K. WASTON','Vancouver Whitecaps FC (CAN)',196,87),('Costa Rica','E3',20,'MF','GUZMAN David','18.02.1990','D. GUZMAN','Portland Timbers (USA)',176,78),('Costa Rica','E3',21,'FW','URENA Marcos','05.03.1990','M. URENA','Los Angeles FC (USA)',181,70),('Costa Rica','E3',22,'DF','MATARRITA Ronald','09.07.1994','R. MATARRITA','New York City FC (USA)',175,70),('Costa Rica','E3',23,'GK','MOREIRA Leonel','02.04.1990','L. MOREIRA','CS Herediano (CRC)',179,70),('Serbia','E4',1,'GK','STOJKOVIC Vladimir','28.07.1983','STOJKOVIC','FK Partizan (SRB)',195,92),('Serbia','E4',2,'DF','RUKAVINA Antonio','26.01.1984','RUKAVINA','Villarreal CF (ESP)',177,71),('Serbia','E4',3,'DF','TOSIC Dusko','19.01.1985','TOCIC','Besiktas JK (TUR)',185,79),('Serbia','E4',4,'MF','MILIVOJEVIC Luka','07.04.1991','MILIVOJEVIC','Crystal Palace FC (ENG)',186,80),('Serbia','E4',5,'DF','SPAJIC Uros','13.02.1993','SPAJIC','RSC Anderlecht (BEL)',188,82),('Serbia','E4',6,'DF','IVANOVIC Branislav','22.02.1984','IVANOVIC','FC Zenit St. Petersburg (RUS)',185,89),('Serbia','E4',7,'MF','ZIVKOVIC Andrija','11.07.1996','ZIVKOVIC','SL Benfica (POR)',169,68),('Serbia','E4',8,'FW','PRIJOVIC Aleksandar','21.04.1990','PRIJOVIC','PAOK FC (GRE)',191,88),('Serbia','E4',9,'FW','MITROVIC Aleksandar','16.09.1994','MITROVIC','Fulham FC (ENG)',189,82),('Serbia','E4',10,'MF','TADIC Dusan','20.11.1988','TADIC','Southampton FC (ENG)',181,76),('Serbia','E4',11,'DF','KOLAROV Aleksandar','10.11.1985','KOLAROV','AS Roma (ITA)',187,83),('Serbia','E4',12,'GK','RAJKOVIC Predrag','31.10.1995','RAJKOVIC','Maccabi Tel-Aviv FC (ISR)',191,85),('Serbia','E4',13,'DF','VELJKOVIC Milos','26.09.1995','VELJKOVIC','SV Werder Bremen (GER)',188,77),('Serbia','E4',14,'DF','RODIC Milan','02.04.1991','RODIC','FK Crvena Zvezda (SRB)',185,69),('Serbia','E4',15,'DF','MILENKOVIC Nikola','12.10.1997','MILENKOVIC','ACF Fiorentina (ITA)',195,90),('Serbia','E4',16,'MF','GRUJIC Marko','13.04.1996','GRUJIC','Cardiff City FC (WAL)',190,82),('Serbia','E4',17,'MF','KOSTIC Filip','01.11.1992','KOSTIC','Hamburger SV (GER)',184,82),('Serbia','E4',18,'FW','RADONJIC Nemanja','15.02.1996','RADONJIC','FK Crvena Zvezda (SRB)',185,76),('Serbia','E4',19,'FW','JOVIC Luka','23.12.1997','JOVIC','Eintracht Frankfurt (GER)',181,75),('Serbia','E4',20,'MF','MILINKOVIC-SAVIC Sergej','27.02.1995','SERGEJ','SS Lazio (ITA)',192,76),('Serbia','E4',21,'MF','MATIC Nemanja','01.08.1988','MATIC','Manchester United FC (ENG)',194,86),('Serbia','E4',22,'MF','LJAJIC Adem','29.09.1991','LJAJIC','Torino FC (ITA)',182,74),('Serbia','E4',23,'GK','DMITROVIC Marko','24.01.1992','DMITROVIC','SD Eibar (ESP)',194,90),('Germany','F1',1,'GK','NEUER Manuel','27.03.1986','NEUER','FC Bayern Munich (GER)',193,93),('Germany','F1',2,'DF','PLATTENHARDT Marvin','26.01.1992','PLATTENHARDT','Hertha BSC (GER)',181,76),('Germany','F1',3,'DF','HECTOR Jonas','27.05.1990','HECTOR','1. FC Koln (GER)',185,75),('Germany','F1',4,'DF','GINTER Matthias','19.01.1994','GINTER','VfL Borussia Monchengladbach (GER)',189,85),('Germany','F1',5,'DF','HUMMELS Mats','16.12.1988','HUMMELS','FC Bayern Munich (GER)',192,90),('Germany','F1',6,'DF','KHEDIRA Sami','04.04.1987','KHEDIRA','Juventus FC (ITA)',189,81),('Germany','F1',7,'MF','DRAXLER Julian','20.09.1993','DRAXLER','Paris Saint-Germain FC (FRA)',185,74),('Germany','F1',8,'MF','KROOS Toni','04.01.1990','KROOS','Real Madrid CF (ESP)',182,78),('Germany','F1',9,'FW','WERNER Timo','06.03.1996','WERNER','RB Leipzig (GER)',181,75),('Germany','F1',10,'MF','OEZIL Mesut','15.10.1988','OEZIL','Arsenal FC (ENG)',180,70),('Germany','F1',11,'FW','REUS Marco','31.05.1989','REUS','Borussia Dortmund (GER)',180,67),('Germany','F1',12,'GK','TRAPP Kevin','08.07.1990','TRAPP','Paris Saint-Germain FC (FRA)',189,88),('Germany','F1',13,'MF','MUELLER Thomas','13.09.1989','MUELLER','FC Bayern Munich (GER)',186,75),('Germany','F1',14,'MF','GORETZKA Leon','06.02.1995','GORETZKA','FC Schalke 04 (GER)',189,76),('Germany','F1',15,'DF','SUELE Niklas','03.09.1995','SUELE','FC Bayern Munich (GER)',195,89),('Germany','F1',16,'DF','RUEDIGER Antonio','03.03.1993','RUEDIGER','Chelsea FC (ENG)',191,85),('Germany','F1',17,'DF','BOATENG Jerome','03.09.1988','BOATENG','FC Bayern Munich (GER)',192,90),('Germany','F1',18,'DF','KIMMICH Joshua','08.02.1995','KIMMICH','FC Bayern Munich (GER)',176,72),('Germany','F1',19,'MF','RUDY Sebastian','28.02.1990','RUDY','FC Bayern Munich (GER)',179,74),('Germany','F1',20,'MF','BRANDT Julian','02.05.1996','BRANDT','Bayer 04 Leverkusen (GER)',183,82),('Germany','F1',21,'MF','GUENDOGAN Ilkay','24.10.1990','GUENDOGAN','Manchester City FC (ENG)',180,79),('Germany','F1',22,'GK','TER STEGEN Marc-Andre','30.04.1992','TER STEGEN','FC Barcelona (ESP)',187,85),('Germany','F1',23,'FW','GOMEZ Mario','10.07.1985','GOMEZ','VfB Stuttgart (GER)',189,82),('Mexico','F2',1,'GK','CORONA Jose','26.01.1981','J. CORONA','Cruz Azul (MEX)',182,80),('Mexico','F2',2,'DF','AYALA Hugo','31.03.1987','H. AYALA','Tigres UANL (MEX)',188,82),('Mexico','F2',3,'DF','SALCEDO Carlos','29.09.1993','C. SALCEDO','Eintracht Frankfurt (GER)',189,83),('Mexico','F2',4,'DF','MARQUEZ Rafael','13.02.1979','R. MARQUEZ','CF Atlas (MEX)',184,77),('Mexico','F2',5,'DF','REYES Diego','19.09.1992','D. REYES','FC Porto (POR)',190,77),('Mexico','F2',6,'MF','DOS SANTOS Jonathan','26.04.1990','J. DOS SANTOS','LA Galaxy (USA)',173,69),('Mexico','F2',7,'MF','LAYUN Miguel','25.06.1988','M. LAYUN','Sevilla FC (ESP)',180,72),('Mexico','F2',8,'FW','FABIAN Marco','21.07.1989','M. FABIAN','Eintracht Frankfurt (GER)',171,70),('Mexico','F2',9,'FW','JIMENEZ Raul','05.05.1991','RAUL','SL Benfica (POR)',188,79),('Mexico','F2',10,'MF','DOS SANTOS Giovani','11.05.1989','G. DOS SANTOS','LA Galaxy (USA)',178,70),('Mexico','F2',11,'FW','VELA Carlos','01.03.1989','CARLOS V','Los Angeles FC (USA)',178,78),('Mexico','F2',12,'GK','TALAVERA Alfredo','18.09.1982','A. TALAVERA','Deportivo Toluca FC (MEX)',188,84),('Mexico','F2',13,'GK','OCHOA Guillermo','13.07.1985','G. OCHOA','Standard Liege (BEL)',185,76),('Mexico','F2',14,'FW','HERNANDEZ Javier','01.06.1988','J. HERNANDEZ','West Ham United FC (ENG)',175,71),('Mexico','F2',15,'DF','MORENO Hector','17.01.1988','H. MORENO','Real Sociedad (ESP)',182,82),('Mexico','F2',16,'DF','HERRERA Hector','19.04.1990','H. HERRERA','FC Porto (POR)',180,79),('Mexico','F2',17,'MF','CORONA Jesus','06.01.1993','JESUS C.','FC Porto (POR)',174,69),('Mexico','F2',18,'MF','GUARDADO Andres','28.09.1986','A. GUARDADO','Real Betis (ESP)',167,63),('Mexico','F2',19,'FW','PERALTA Oribe','12.01.1984','O. PERALTA','Club America (MEX)',178,72),('Mexico','F2',20,'MF','AQUINO Javier','11.02.1990','J. AQUINO','Tigres UANL (MEX)',166,59),('Mexico','F2',21,'FW','ALVAREZ Edson','24.10.1997','E. ĂLVAREZ','Club America (MEX)',186,72),('Mexico','F2',22,'FW','LOZANO Hirving','30.07.1995','H. LOZANO','PSV Eindhoven (NED)',176,66),('Mexico','F2',23,'MF','GALLARDO Jesus','15.08.1994','J. GALLARDO','Pumas UNAM (MEX)',177,74),('Sweden','F3',1,'GK','OLSEN Robin','08.01.1990','OLSEN','FC Kobenhavn (DEN)',198,89),('Sweden','F3',2,'DF','LUSTIG Mikael','13.12.1986','LUSTIG','Celtic FC (SCO)',189,77),('Sweden','F3',3,'DF','LINDELOF Victor','17.07.1994','LINDELOF','Manchester United FC (ENG)',187,81),('Sweden','F3',4,'DF','GRANQVIST Andreas','16.04.1985','GRANQVIST','FC Krasnodar (RUS)',192,84),('Sweden','F3',5,'DF','OLSSON Martin','17.05.1988','OLSSON','Swansea City AFC (WAL)',177,81),('Sweden','F3',6,'DF','AUGUSTINSSON Ludwig','21.04.1994','AUGUSTINSSON','SV Werder Bremen (GER)',181,76),('Sweden','F3',7,'MF','LARSSON Sebastian','06.06.1985','LARSSON','Hull City FC (ENG)',178,70),('Sweden','F3',8,'MF','EKDAL Albin','28.07.1989','EKDAL','Hamburger SV (GER)',186,75),('Sweden','F3',9,'FW','BERG Marcus','17.08.1986','BERG','Al Ain FC (UAE)',183,76),('Sweden','F3',10,'MF','FORSBERG Emil','23.10.1991','FORSBERG','RB Leipzig (GER)',179,78),('Sweden','F3',11,'FW','GUIDETTI John','15.04.1992','GUIDETTI','Deportivo Alaves (ESP)',185,79),('Sweden','F3',12,'GK','JOHNSSON Karl-Johan','28.01.1990','JOHNSSON','EA Guingamp (FRA)',187,83),('Sweden','F3',13,'MF','SVENSSON Gustav','07.02.1987','SVENSSON','Seattle Sounders FC (USA)',183,77),('Sweden','F3',14,'DF','HELANDER Filip','22.04.1993','HELANDER','Bologna FC (ITA)',192,83),('Sweden','F3',15,'MF','HILJEMARK Oscar','28.06.1992','HILJEMARK','Genoa CFC (ITA)',184,73),('Sweden','F3',16,'DF','KRAFTH Emil','02.08.1994','KRAFTH','Bologna FC (ITA)',181,72),('Sweden','F3',17,'MF','CLAESSON Viktor','02.01.1992','CLAESSON','FC Krasnodar (RUS)',183,79),('Sweden','F3',18,'DF','JANSSON Pontus','13.02.1991','JANSSON','Leeds United FC (ENG)',194,89),('Sweden','F3',19,'MF','ROHDEN Marcus','11.05.1991','ROHDEN','FC Crotone (ITA)',182,76),('Sweden','F3',20,'FW','TOIVONEN Ola','03.07.1986','TOIVONEN','Toulouse FC (FRA)',192,78),('Sweden','F3',21,'MF','DURMAZ Jimmy','22.03.1989','DURMAZ','Toulouse FC (FRA)',180,69),('Sweden','F3',22,'FW','THELIN Isaac Kiese','24.06.1992','KIESE THELIN','KV Waasland-Beveren (BEL)',189,83),('Sweden','F3',23,'GK','NORDFELDT Kristoffer','23.06.1989','NORDFELDT','Swansea City AFC (WAL)',190,85),('Korea Republic','F4',1,'GK','KIM Seunggyu','30.09.1990','S G KIM','Vissel Kobe (JPN)',187,80),('Korea Republic','F4',2,'DF','LEE Yong','24.12.1986','Y LEE','Jeonbuk Hyundai (KOR)',180,74),('Korea Republic','F4',3,'DF','JUNG Seunghyun','03.04.1994','S H JUNG','Sagan Tosu FC (JPN)',188,74),('Korea Republic','F4',4,'DF','OH Bansuk','20.05.1988','B S OH','Jeju United (KOR)',189,79),('Korea Republic','F4',5,'DF','YUN Youngsun','04.10.1988','Y S YUN','Seongnam FC (KOR)',185,78),('Korea Republic','F4',6,'DF','PARK Jooho','16.01.1987','J H PARK','Ulsan Hyundai FC (KOR)',174,71),('Korea Republic','F4',7,'FW','SON Heungmin','08.07.1992','H M SON','Tottenham Hotspur FC (ENG)',183,76),('Korea Republic','F4',8,'MF','JU Sejong','30.10.1990','S J JU','Asan Mugunghwa FC (KOR)',176,70),('Korea Republic','F4',9,'FW','KIM Shinwook','14.04.1988','S W KIM','Jeonbuk Hyundai (KOR)',197,97),('Korea Republic','F4',10,'MF','LEE Seungwoo','06.01.1998','S W LEE','Hellas Verona FC (ITA)',170,63),('Korea Republic','F4',11,'FW','HWANG Heechan','26.01.1996','H C HWANG','FC Red Bull Salzburg (AUT)',177,77),('Korea Republic','F4',12,'DF','KIM Minwoo','25.02.1990','M W KIM','Sangju Sangmu FC (KOR)',172,69),('Korea Republic','F4',13,'MF','KOO Jacheol','27.02.1989','J C KOO','FC Augsburg (GER)',182,73),('Korea Republic','F4',14,'DF','HONG Chul','17.09.1990','C HONG','Sangju Sangmu FC (KOR)',176,67),('Korea Republic','F4',15,'MF','JUNG Wooyoung','14.12.1989','W Y JUNG','Vissel Kobe (JPN)',186,78),('Korea Republic','F4',16,'MF','KI Sungyueng','24.01.1989','S Y KI','Swansea City AFC (WAL)',186,75),('Korea Republic','F4',17,'MF','LEE Jaesung','10.08.1992','J S LEE','Jeonbuk Hyundai (KOR)',180,70),('Korea Republic','F4',18,'MF','MOON Seonmin','09.06.1992','S M MOON','Incheon United FC (KOR)',172,68),('Korea Republic','F4',19,'DF','KIM Younggwon','27.02.1990','Y G KIM','Guangzhou Evergrande FC (CHN)',184,74),('Korea Republic','F4',20,'DF','JANG Hyunsoo','28.09.1991','H S JANG','FC Tokyo (JPN)',187,77),('Korea Republic','F4',21,'GK','KIM Jinhyeon','06.07.1987','J H KIM','Cerezo Osaka (JPN)',193,82),('Korea Republic','F4',22,'DF','GO Yohan','10.03.1988','Y H GO','FC Seoul (KOR)',170,65),('Korea Republic','F4',23,'GK','JO Hyeonwoo','25.09.1991','H W JO','Daegu FC (KOR)',189,75),('Belgium','G1',1,'GK','COURTOIS Thibaut','11.05.1992','COURTOIS','Chelsea FC (ENG)',199,91),('Belgium','G1',2,'DF','ALDERWEIRELD Toby','02.03.1989','ALDERWEIRELD','Tottenham Hotspur FC (ENG)',186,81),('Belgium','G1',3,'DF','VERMAELEN Thomas','14.11.1985','VERMAELEN','FC Barcelona (ESP)',183,80),('Belgium','G1',4,'DF','KOMPANY Vincent','10.04.1986','KOMPANY','Manchester City FC (ENG)',190,85),('Belgium','G1',5,'DF','VERTONGHEN Jan','24.04.1987','VERTONGHEN','Tottenham Hotspur FC (ENG)',189,86),('Belgium','G1',6,'MF','WITSEL Axel','12.01.1989','WITSEL','Tianjin Quanjian FC (CHN)',186,73),('Belgium','G1',7,'MF','DE BRUYNE Kevin','28.06.1991','DE BRUYNE','Manchester City FC (ENG)',181,70),('Belgium','G1',8,'MF','FELLAINI Marouane','22.11.1987','FELLAINI','Manchester United FC (ENG)',194,85),('Belgium','G1',9,'FW','LUKAKU Romelu','13.05.1993','R. LUKAKU','Manchester United FC (ENG)',190,94),('Belgium','G1',10,'FW','HAZARD Eden','07.01.1991','E. HAZARD','Chelsea FC (ENG)',173,74),('Belgium','G1',11,'MF','CARRASCO Yannick','04.09.1993','CARRASCO','Dalian Yifang FC (CHN)',180,67),('Belgium','G1',12,'GK','MIGNOLET Simon','06.03.1988','MIGNOLET','Liverpool FC (ENG)',193,87),('Belgium','G1',13,'GK','CASTEELS Koen','25.06.1992','CASTEELS','VfL Wolfsburg (GER)',197,86),('Belgium','G1',14,'FW','MERTENS Dries','06.05.1987','MERTENS','SSC Napoli (ITA)',169,61),('Belgium','G1',15,'DF','MEUNIER Thomas','12.09.1991','MEUNIER','Paris Saint-Germain FC (FRA)',190,88),('Belgium','G1',16,'MF','HAZARD Thorgan','29.03.1993','T. HAZARD','VfL Borussia Monchengladbach (GER)',174,70),('Belgium','G1',17,'MF','TIELEMANS Youri','07.05.1997','TIELEMANS','AS Monaco (FRA)',176,72),('Belgium','G1',18,'FW','JANUZAJ Adnan','05.02.1995','JANUZAJ','Real Sociedad (ESP)',180,75),('Belgium','G1',19,'MF','DEMBELE Moussa','16.07.1987','DEMBELE','Tottenham Hotspur FC (ENG)',185,82),('Belgium','G1',20,'DF','BOYATA Dedryck','28.11.1990','BOYATA','Celtic FC (SCO)',188,84),('Belgium','G1',21,'FW','BATSHUAYI Michy','02.10.1993','BATSHUAYI','Borussia Dortmund (GER)',185,78),('Belgium','G1',22,'MF','CHADLI Nacer','02.08.1989','CHADLI','West Bromwich Albion FC (ENG)',187,85),('Belgium','G1',23,'DF','DENDONCKER Leander','15.04.1995','DENDONCKER','RSC Anderlecht (BEL)',188,76),('Panama','G2',1,'GK','PENEDO Jaime','26.09.1981','PENEDO','Dinamo Bucharest (ROU)',183,70),('Panama','G2',2,'DF','MURILLO Michael','11.02.1996','MURILLO','New York Red Bulls (USA)',183,78),('Panama','G2',3,'DF','CUMMINGS Harold','01.03.1992','CUMMINGS','San Jose Earthquakes (USA)',183,92),('Panama','G2',4,'DF','ESCOBAR Fidel','09.01.1995','ESCOBAR','New York Red Bulls (USA)',182,82),('Panama','G2',5,'DF','TORRES Roman','20.03.1986','R. TORRES','Seattle Sounders FC (USA)',188,99),('Panama','G2',6,'MF','GOMEZ Gabriel','29.05.1984','GOMEZ','Atletico Bucaramanga (COL)',183,82),('Panama','G2',7,'FW','PEREZ Blas','13.03.1981','PEREZ','CSD Municipal (GUA)',187,83),('Panama','G2',8,'MF','BARCENAS Edgar','23.10.1993','BARCENAS','Cafetaleros de Tapachula (MEX)',175,72),('Panama','G2',9,'FW','TORRES Gabriel','31.10.1988','G. TORRES','CD Huachipato (CHI)',180,77),('Panama','G2',10,'FW','DIAZ Ismael','12.05.1997','DIAZ','Deportivo La Coruna (ESP)',181,72),('Panama','G2',11,'MF','COOPER Armando','26.11.1987','COOPER','Club Universidad de Chile (CHI)',173,72),('Panama','G2',12,'GK','CALDERON Jose','14.08.1985','CALDERON','Chorrillo FC (PAN)',187,87),('Panama','G2',13,'DF','MACHADO Adolfo','14.02.1985','MACHADO','Houston Dynamo (USA)',182,78),('Panama','G2',14,'MF','PIMENTEL Valentin','30.05.1991','PIMENTEL','Plaza Amador (PAN)',189,80),('Panama','G2',15,'DF','DAVIS Eric','31.03.1991','DAVIS','DAC Dunajska Streda (SVK)',180,81),('Panama','G2',16,'FW','ARROYO Abdiel','13.12.1993','ARROYO','LD Alajuelense (CRC)',183,82),('Panama','G2',17,'DF','OVALLE Luis','07.09.1988','OVALLE','CD Olimpia (HON)',178,75),('Panama','G2',18,'FW','TEJADA Luis','28.03.1982','TEJADA','Sport Boys (PER)',183,87),('Panama','G2',19,'MF','QUINTERO Alberto','18.12.1987','QUINTERO','Universitario Lima (PER)',165,62),('Panama','G2',20,'MF','GODOY Anibal','10.02.1990','GODOY','San Jose Earthquakes (USA)',183,82),('Panama','G2',21,'MF','RODRIGUEZ Jose Luis','19.06.1998','J. RODRIGUEZ','KAA Gent (BEL)',180,77),('Panama','G2',22,'GK','RODRIGUEZ Alex','05.08.1990','RODRIGUEZ','San Francisco FC (PAN)',197,83),('Panama','G2',23,'DF','BALOY Felipe','24.02.1981','BALOY','CSD Municipal (GUA)',185,87),('Tunisia','G3',1,'GK','BEN MUSTAPHA Farouk','01.07.1989','BEN MUSTAPHA','Al Shabab FC (KSA)',192,85),('Tunisia','G3',2,'DF','BEN YOUSSEF Syam','31.03.1989','BEN YOUSSEF .S','Kasimpasa SK (TUR)',189,87),('Tunisia','G3',3,'DF','BEN ALOUANE Yohan','28.03.1987','BEN ALOUANE','Leicester City FC (ENG)',185,75),('Tunisia','G3',4,'DF','MERIAH Yassine','02.07.1993','MERIAH','CS Sfaxien (TUN)',183,70),('Tunisia','G3',5,'DF','HADDADI Oussama','28.01.1992','HADDADI','Dijon FCO (FRA)',185,76),('Tunisia','G3',6,'DF','BEDOUI Rami','19.01.1990','BEDOUI','Etoile du Sahel (TUN)',187,77),('Tunisia','G3',7,'FW','KHAOUI Saifeddine','27.04.1995','KHAOUI','ES Troyes (FRA)',180,76),('Tunisia','G3',8,'FW','BEN YOUSSEF Fakhreddine','23.06.1991','BEN YOUSSEF .F','Al Ittifaq FC (KSA)',189,80),('Tunisia','G3',9,'MF','BADRI Anice','18.09.1990','BADRI','ES Tunis (TUN)',178,70),('Tunisia','G3',10,'FW','KHAZRI Wahbi','08.02.1991','KHAZRI','Stade Rennais FC (FRA)',182,76),('Tunisia','G3',11,'DF','BRONN Dylan','19.06.1995','BRONN','KAA Gent (BEL)',186,75),('Tunisia','G3',12,'DF','MAALOUL Ali','01.01.1990','MAALOUL','Al Ahly SC (EGY)',170,72),('Tunisia','G3',13,'MF','SASSI Ferjani','18.03.1992','SASSI','Al Nassr FC (KSA)',186,80),('Tunisia','G3',14,'MF','BEN AMOR Mohamed','03.05.1992','BEN AMOR','Al Ahli SC (KSA)',180,75),('Tunisia','G3',15,'FW','KHALIL Ahmed','21.12.1994','KHALIL','Club Africain (TUN)',187,75),('Tunisia','G3',16,'GK','MATHLOUTHI Aymen','14.09.1984','MATHLOUTHI .A','Al Batin FC (KSA)',182,84),('Tunisia','G3',17,'MF','SKHIRI Ellyes','10.05.1995','SKHIRI JORIS','Montpellier HSC (FRA)',185,69),('Tunisia','G3',18,'FW','SRARFI Bassem','25.06.1997','SRARFI','OGC Nice (FRA)',176,71),('Tunisia','G3',19,'FW','KHALIFA Saber','14.10.1986','KHALIFA','Club Africain (TUN)',185,72),('Tunisia','G3',20,'FW','CHAALELI Ghaylen','28.02.1994','CHAALELI','ES Tunis (TUN)',179,70),('Tunisia','G3',21,'DF','NAGUEZ Hamdi','28.10.1992','NAGUEZ','Zamalek (EGY)',186,75),('Tunisia','G3',22,'GK','HASSEN Mouez','05.03.1995','HASSEN','LB Chateauroux (FRA)',186,70),('Tunisia','G3',23,'FW','SLITI Naim','27.07.1992','SLITI','Dijon FCO (FRA)',173,65),('England','G4',1,'GK','PICKFORD Jordan','07.03.1994','PICKFORD','Everton FC (ENG)',185,72),('England','G4',2,'DF','WALKER Kyle','28.05.1990','WALKER','Manchester City FC (ENG)',178,83),('England','G4',3,'DF','ROSE Danny','02.07.1990','ROSE','Tottenham Hotspur FC (ENG)',173,76),('England','G4',4,'MF','DIER Eric','15.01.1994','DIER','Tottenham Hotspur FC (ENG)',188,90),('England','G4',5,'DF','STONES John','28.05.1994','STONES','Manchester City FC (ENG)',188,72),('England','G4',6,'DF','MAGUIRE Harry','05.03.1993','MAGUIRE','Leicester City FC (ENG)',193,98),('England','G4',7,'MF','LINGARD Jesse','15.12.1992','LINGARD','Manchester United FC (ENG)',175,60),('England','G4',8,'MF','HENDERSON Jordan','17.06.1990','HENDERSON','Liverpool FC (ENG)',183,82),('England','G4',9,'FW','KANE Harry','28.07.1993','KANE','Tottenham Hotspur FC (ENG)',188,98),('England','G4',10,'FW','STERLING Raheem','08.12.1994','STERLING','Manchester City FC (ENG)',170,70),('England','G4',11,'FW','VARDY Jamie','11.01.1987','VARDY','Leicester City FC (ENG)',178,80),('England','G4',12,'DF','TRIPPIER Kieran','19.09.1990','TRIPPIER','Tottenham Hotspur FC (ENG)',178,72),('England','G4',13,'GK','BUTLAND Jack','10.03.1993','BUTLAND','Stoke City FC (ENG)',196,96),('England','G4',14,'FW','WELBECK Danny','26.11.1990','WELBECK','Arsenal FC (ENG)',184,78),('England','G4',15,'DF','CAHILL Gary','19.12.1985','CAHILL','Chelsea FC (ENG)',191,85),('England','G4',16,'DF','JONES Phil','21.02.1992','JONES','Manchester United FC (ENG)',182,72),('England','G4',17,'DF','DELPH Fabian','21.11.1989','DELPH','Manchester City FC (ENG)',174,78),('England','G4',18,'DF','YOUNG Ashley','09.07.1985','YOUNG','Manchester United FC (ENG)',175,78),('England','G4',19,'FW','RASHFORD Marcus','31.10.1997','RASHFORD','Manchester United FC (ENG)',180,78),('England','G4',20,'MF','ALLI Dele','11.04.1996','DELE','Tottenham Hotspur FC (ENG)',188,76),('England','G4',21,'MF','LOFTUS-CHEEK Ruben','23.01.1996','LOFTUS-CHEEK','Chelsea FC (ENG)',190,73),('England','G4',22,'DF','ALEXANDER-ARNOLD Trent','07.10.1998','ALEXANDER-ARNOLD','Liverpool FC (ENG)',175,70),('England','G4',23,'GK','POPE Nick','19.04.1992','POPE','Burnley FC (ENG)',191,76),('Poland','H1',1,'GK','SZCZESNY Wojciech','18.04.1990','SZCZESNY','Juventus FC (ITA)',195,84),('Poland','H1',2,'DF','PAZDAN Michal','21.09.1987','PAZDAN','Legia Warsaw (POL)',181,78),('Poland','H1',3,'DF','JEDRZEJCZYK Artur','04.11.1987','JEDRZEJCZYK','Legia Warsaw (POL)',189,78),('Poland','H1',4,'DF','CIONEK Thiago','21.04.1986','CIONEK','SPAL Ferrara (ITA)',184,81),('Poland','H1',5,'DF','BEDNAREK Jan','12.04.1996','BEDNAREK','Southampton FC (ENG)',189,77),('Poland','H1',6,'MF','GORALSKI Jacek','21.09.1992','GORALSKI','PFC Ludogorets Razgrad (BUL)',172,66),('Poland','H1',7,'FW','MILIK Arkadiusz','28.02.1994','MILIK','SSC Napoli (ITA)',186,81),('Poland','H1',8,'MF','LINETTY Karol','02.02.1995','LINETTY','UC Sampdoria (ITA)',176,73),('Poland','H1',9,'FW','LEWANDOWSKI Robert','21.08.1988','LEWANDOWSKI','FC Bayern Munich (GER)',185,79),('Poland','H1',10,'MF','KRYCHOWIAK Grzegorz','29.01.1990','KRYCHOWIAK','West Bromwich Albion FC (ENG)',186,83),('Poland','H1',11,'MF','GROSICKI Kamil','08.06.1988','GROSICKI','Hull City FC (ENG)',180,78),('Poland','H1',12,'GK','BIALKOWSKI Bartosz','06.07.1987','BIALKOWSKI','Ipswich Town FC (ENG)',194,83),('Poland','H1',13,'MF','RYBUS Maciej','19.08.1989','RYBUS','FC Lokomotiv Moscow (RUS)',173,75),('Poland','H1',14,'FW','TEODORCZYK Lukasz','03.06.1991','TEODORCZYK','RSC Anderlecht (BEL)',185,78),('Poland','H1',15,'DF','GLIK Kamil','03.02.1988','GLIK','AS Monaco (FRA)',190,80),('Poland','H1',16,'MF','BLASZCZYKOWSKI Jakub','14.12.1985','BLASZCZYKOWSKI','VfL Wolfsburg (GER)',175,71),('Poland','H1',17,'MF','PESZKO Slawomir','19.02.1985','PESZKO','Lechia Gdansk (POL)',173,68),('Poland','H1',18,'DF','BERESZYNSKI Bartosz','12.07.1992','BERESZYNSKI','UC Sampdoria (ITA)',182,72),('Poland','H1',19,'MF','ZIELINSKI Piotr','20.05.1994','ZIELINSKI','SSC Napoli (ITA)',177,64),('Poland','H1',20,'DF','PISZCZEK Lukasz','03.06.1985','PISZCZEK','Borussia Dortmund (GER)',184,79),('Poland','H1',21,'MF','KURZAWA Rafal','29.01.1993','KURZAWA','Gornik Zabrze (POL)',182,73),('Poland','H1',22,'GK','FABIANSKI Lukasz','18.04.1985','FABIANSKI','Swansea City AFC (WAL)',190,83),('Poland','H1',23,'FW','KOWNACKI Dawid','14.03.1997','KOWNACKI','UC Sampdoria (ITA)',185,75),('Senegal','H2',1,'GK','DIALLO Abdoulaye','30.03.1992','DIALLO','Stade Rennais FC (FRA)',189,79),('Senegal','H2',2,'DF','CISS Saliou','15.06.1989','CISS','Valenciennes FC (FRA)',173,69),('Senegal','H2',3,'DF','KOULIBALY Kalidou','20.06.1991','KOULIBALY','SSC Napoli (ITA)',195,89),('Senegal','H2',4,'DF','MBODJI Kara','22.11.1989','KARA','RSC Anderlecht (BEL)',192,85),('Senegal','H2',5,'MF','GUEYE Idrissa Gana','26.09.1989','GANA','Everton FC (ENG)',174,64),('Senegal','H2',6,'MF','SANE Salif','25.08.1990','S. SANE','Hannover 96 (GER)',196,84),('Senegal','H2',7,'FW','SOW Moussa','19.01.1986','SOW','Bursaspor (TUR)',180,75),('Senegal','H2',8,'MF','KOUYATE Cheikhou','21.12.1989','C. KOUYATE','West Ham United FC (ENG)',189,75),('Senegal','H2',9,'FW','DIOUF Mame','16.12.1987','M. DIOUF','Stoke City FC (ENG)',185,81),('Senegal','H2',10,'FW','MANE Sadio','10.04.1992','MANE','Liverpool FC (ENG)',175,69),('Senegal','H2',11,'MF','NDOYE Cheikh','29.03.1986','CH. NDOYE','Birmingham City FC (ENG)',192,90),('Senegal','H2',12,'DF','SABALY Youssouf','05.03.1993','SABALY','FC Girondins Bordeaux (FRA)',174,71),('Senegal','H2',13,'MF','NDIAYE Alfred','06.03.1990','A. NDIAYE','Wolverhampton Wanderers FC (ENG)',186,80),('Senegal','H2',14,'FW','KONATE Moussa','03.04.1993','KONATE','Amiens SC (FRA)',180,78),('Senegal','H2',15,'FW','SAKHO Diafra','24.12.1989','SAKHO','Stade Rennais FC (FRA)',184,79),('Senegal','H2',16,'GK','NDIAYE Khadim','05.04.1985','KH. NDIAYE','Horoya AC (GUI)',185,80),('Senegal','H2',17,'MF','NDIAYE Pape Alioune','27.10.1990','P.A. NDIAYE','Stoke City FC (ENG)',181,74),('Senegal','H2',18,'FW','SARR Ismaila','25.02.1998','ISMAILA','Stade Rennais FC (FRA)',175,70),('Senegal','H2',19,'FW','NIANG Mbaye','19.12.1994','NIANG','Torino FC (ITA)',184,74),('Senegal','H2',20,'FW','BALDE Keita','08.03.1995','KEITA BALDE','AS Monaco (FRA)',181,77),('Senegal','H2',21,'DF','GASSAMA Lamine','20.10.1989','GASSAMA','Adanaspor (TUR)',181,74),('Senegal','H2',22,'DF','WAGUE Moussa','04.10.1998','M. WAGUE','KAS Eupen (BEL)',177,70),('Senegal','H2',23,'GK','GOMIS Alfred','05.09.1993','GOMIS','SPAL Ferrara (ITA)',196,80),('Colombia','H3',1,'GK','OSPINA David','31.08.1988','OSPINA','Arsenal FC (ENG)',183,80),('Colombia','H3',2,'DF','ZAPATA Cristian','30.09.1986','C. ZAPATA','AC Milan (ITA)',187,82),('Colombia','H3',3,'DF','MURILLO Oscar','18.04.1988','O. MURILLO','CF Pachuca (MEX)',184,80),('Colombia','H3',4,'DF','ARIAS Santiago','13.01.1992','ARIAS','PSV Eindhoven (NED)',177,71),('Colombia','H3',5,'MF','BARRIOS Wilmar','16.10.1993','BARRIOS','CA Boca Juniors (ARG)',178,74),('Colombia','H3',6,'MF','SANCHEZ Carlos','06.02.1986','C. SANCHEZ','RCD Espanyol (ESP)',182,82),('Colombia','H3',7,'FW','BACCA Carlos','08.09.1986','BACCA','Villarreal CF (ESP)',181,77),('Colombia','H3',8,'MF','AGUILAR Abel','06.01.1985','AGUILAR T.','AC Deportivo Cali (COL)',185,82),('Colombia','H3',9,'FW','FALCAO Radamel','10.02.1986','FALCAO','AS Monaco (FRA)',177,72),('Colombia','H3',10,'MF','RODRIGUEZ James','12.07.1991','JAMES','FC Bayern Munich (GER)',180,75),('Colombia','H3',11,'MF','CUADRADO Juan','26.05.1988','CUADRADO','Juventus FC (ITA)',179,72),('Colombia','H3',12,'GK','VARGAS Camilo','09.03.1989','C. VARGAS','AC Deportivo Cali (COL)',185,80),('Colombia','H3',13,'DF','MINA Yerry','23.09.1994','Y. MINA','FC Barcelona (ESP)',194,95),('Colombia','H3',14,'FW','MURIEL Luis','16.04.1991','L. MURIEL','Sevilla FC (ESP)',178,79),('Colombia','H3',15,'MF','URIBE Mateus','21.03.1991','M. URIBE','Club America (MEX)',182,71),('Colombia','H3',16,'MF','LERMA Jefferson','25.10.1994','J. LERMA','Levante UD (ESP)',179,70),('Colombia','H3',17,'DF','MOJICA Johan','21.08.1992','J. MOJICA','Girona FC (ESP)',185,66),('Colombia','H3',18,'DF','FABRA Frank','22.02.1991','FABRA','CA Boca Juniors (ARG)',172,72),('Colombia','H3',19,'FW','BORJA Miguel','26.01.1993','M. BORJA','SE Palmeiras (BRA)',183,74),('Colombia','H3',20,'MF','QUINTERO Juan','18.01.1993','J. QUINTERO','CA River Plate (ARG)',169,64),('Colombia','H3',21,'FW','IZQUIERDO Jose','07.07.1992','IZQUIERDO','Brighton & Hove Albion FC (ENG)',171,73),('Colombia','H3',22,'GK','CUADRADO Jose','01.06.1985','J.F. CUADRADO','CD Once Caldas (COL)',180,80),('Colombia','H3',23,'DF','SANCHEZ Davinson','12.06.1996','D. SANCHEZ','Tottenham Hotspur FC (ENG)',187,81),('Japan','H4',1,'GK','KAWASHIMA Eiji','20.03.1983','KAWASHIMA','FC Metz (FRA)',185,74),('Japan','H4',2,'DF','UEDA Naomichi','24.10.1994','UEDA','Kashima Antlers (JPN)',186,79),('Japan','H4',3,'DF','SHOJI Gen','11.12.1992','SHOJI','Kashima Antlers (JPN)',182,74),('Japan','H4',4,'MF','HONDA Keisuke','13.06.1986','HONDA','CF Pachuca (MEX)',182,74),('Japan','H4',5,'DF','NAGATOMO Yuto','12.09.1986','NAGATOMO','Galatasaray SK (TUR)',170,68),('Japan','H4',6,'DF','ENDO Wataru','09.02.1993','ENDO','Urawa Reds (JPN)',178,75),('Japan','H4',7,'MF','SHIBASAKI Gaku','28.05.1992','SHIBASAKI','Getafe CF (ESP)',175,64),('Japan','H4',8,'MF','HARAGUCHI Genki','09.05.1991','HARAGUCHI','Fortuna DĂźsseldorf (GER)',178,68),('Japan','H4',9,'FW','OKAZAKI Shinji','16.04.1986','OKAZAKI','Leicester City FC (ENG)',174,70),('Japan','H4',10,'MF','KAGAWA Shinji','17.03.1989','KAGAWA','Borussia Dortmund (GER)',175,68),('Japan','H4',11,'MF','USAMI Takashi','06.05.1992','USAMI','Fortuna Dusseldorf (GER)',178,72),('Japan','H4',12,'GK','HIGASHIGUCHI Masaaki','12.05.1986','HIGASHIGUCHI','Gamba Osaka (JPN)',184,78),('Japan','H4',13,'FW','MUTO Yoshinori','15.07.1992','MUTO','FSV Mainz 05 (GER)',179,72),('Japan','H4',14,'MF','INUI Takashi','02.06.1988','INUI','SD Eibar (ESP)',169,59),('Japan','H4',15,'FW','OSAKO Yuya','18.05.1990','OSAKO','1. FC Koln (GER)',182,71),('Japan','H4',16,'MF','YAMAGUCHI Hotaru','06.10.1990','YAMAGUCHI','Cerezo Osaka (JPN)',173,72),('Japan','H4',17,'MF','HASEBE Makoto','18.01.1984','HASEBE','Eintracht Frankfurt (GER)',180,72),('Japan','H4',18,'MF','OSHIMA Ryota','23.01.1993','OHSHIMA','Kawasaki Frontale (JPN)',168,64),('Japan','H4',19,'DF','SAKAI Hiroki','12.04.1990','H. SAKAI','Olympique Marseille (FRA)',183,70),('Japan','H4',20,'DF','MAKINO Tomoaki','11.05.1987','MAKINO','Urawa Reds (JPN)',182,77),('Japan','H4',21,'DF','SAKAI Gotoku','14.03.1991','G. SAKAI','Hamburger SV (GER)',176,74),('Japan','H4',22,'DF','YOSHIDA Maya','24.08.1988','YOSHIDA','Southampton FC (ENG)',189,78),('Japan','H4',23,'GK','NAKAMURA Kosuke','27.02.1995','NAKAMURA','Kashiwa Reysol (JPN)',184,72);
/*!40000 ALTER TABLE `player` ENABLE KEYS */;
UNLOCK TABLES;

--
-- Table structure for table `stadium`
--

DROP TABLE IF EXISTS `stadium`;
/*!40101 SET @saved_cs_client     = @@character_set_client */;
 SET character_set_client = utf8mb4 ;
CREATE TABLE `stadium` (
  `SID` char(3) NOT NULL,
  `SName` varchar(25) DEFAULT NULL,
  `SCity` varchar(17) DEFAULT NULL,
  `SCapacity` int(11) DEFAULT NULL,
  PRIMARY KEY (`SID`)
) ENGINE=InnoDB DEFAULT CHARSET=utf8mb4 COLLATE=utf8mb4_0900_ai_ci;
/*!40101 SET character_set_client = @saved_cs_client */;

--
-- Dumping data for table `stadium`
--

LOCK TABLES `stadium` WRITE;
/*!40000 ALTER TABLE `stadium` DISABLE KEYS */;
INSERT INTO `stadium` VALUES ('S01','Luzhniki Stadium','Moscow',80000),('S02','Saint Petersburg Stadium','Saint Petersburg',67000),('S03','Fisht Stadium','Sochi',48000),('S04','Ekaterinburg Arena','Ekaterinburg',45000),('S05','Kazan Arena','Kazan',45000),('S06','Nizhny Novgorod Stadium','Nizhny Novgorod',45000),('S07','Rostov Arena','Rostov-on-Don',45000),('S08','Samara Arena','Samara',45000),('S09','Mordovia Arena','Saransk',45000),('S10','Volgograd Stadium','Volgograd',45000),('S11','Spartak Stadium','Moscow',42000),('S12','Kaliningrad Stadium','Kaliningrad',35000);
/*!40000 ALTER TABLE `stadium` ENABLE KEYS */;
UNLOCK TABLES;

--
-- Table structure for table `starting_lineups`
--

DROP TABLE IF EXISTS `starting_lineups`;
/*!40101 SET @saved_cs_client     = @@character_set_client */;
 SET character_set_client = utf8mb4 ;
CREATE TABLE `starting_lineups` (
  `GameID` char(3) NOT NULL,
  `TeamID` char(2) NOT NULL,
  `PNo` int(11) NOT NULL,
  PRIMARY KEY (`GameID`,`TeamID`,`PNo`),
  KEY `TeamID` (`TeamID`,`PNo`),
  CONSTRAINT `starting_lineups_ibfk_1` FOREIGN KEY (`GameID`) REFERENCES `game` (`gameid`),
  CONSTRAINT `starting_lineups_ibfk_2` FOREIGN KEY (`TeamID`, `PNo`) REFERENCES `player` (`teamid`, `pno`)
) ENGINE=InnoDB DEFAULT CHARSET=utf8mb4 COLLATE=utf8mb4_0900_ai_ci;
/*!40101 SET character_set_client = @saved_cs_client */;

--
-- Dumping data for table `starting_lineups`
--

LOCK TABLES `starting_lineups` WRITE;
/*!40000 ALTER TABLE `starting_lineups` DISABLE KEYS */;
INSERT INTO `starting_lineups` VALUES ('G01','A1',1),('G17','A1',1),('G33','A1',1),('G51','A1',1),('G59','A1',1),('G01','A1',2),('G17','A1',2),('G51','A1',2),('G59','A1',2),('G01','A1',3),('G17','A1',3),('G33','A1',3),('G51','A1',3),('G59','A1',3),('G01','A1',4),('G17','A1',4),('G33','A1',4),('G51','A1',4),('G59','A1',4),('G17','A1',6),('G33','A1',6),('G59','A1',6),('G51','A1',7),('G59','A1',7),('G01','A1',8),('G17','A1',8),('G33','A1',8),('G01','A1',9),('G01','A1',10),('G01','A1',11),('G17','A1',11),('G33','A1',11),('G51','A1',11),('G59','A1',11),('G33','A1',13),('G51','A1',13),('G59','A1',13),('G33','A1',15),('G01','A1',17),('G17','A1',17),('G51','A1',17),('G59','A1',17),('G01','A1',18),('G17','A1',18),('G51','A1',18),('G01','A1',19),('G17','A1',19),('G33','A1',19),('G51','A1',19),('G59','A1',19),('G17','A1',22),('G33','A1',22),('G51','A1',22),('G59','A1',22),('G33','A1',23),('G01','A2',1),('G01','A2',3),('G19','A2',3),('G34','A2',3),('G19','A2',4),('G01','A2',5),('G01','A2',6),('G19','A2',6),('G34','A2',6),('G01','A2',7),('G19','A2',7),('G34','A2',7),('G01','A2',8),('G19','A2',9),('G34','A2',9),('G01','A2',10),('G01','A2',13),('G19','A2',13),('G34','A2',13),('G01','A2',14),('G19','A2',14),('G34','A2',14),('G34','A2',16),('G01','A2',17),('G19','A2',17),('G01','A2',18),('G19','A2',18),('G34','A2',18),('G19','A2',19),('G34','A2',19),('G34','A2',21),('G19','A2',22),('G34','A2',23),('G34','A3',1),('G02','A3',2),('G17','A3',2),('G34','A3',2),('G02','A3',6),('G17','A3',6),('G34','A3',6),('G02','A3',7),('G17','A3',7),('G34','A3',7),('G02','A3',8),('G17','A3',8),('G34','A3',8),('G02','A3',9),('G17','A3',9),('G34','A3',9),('G17','A3',10),('G34','A3',10),('G02','A3',13),('G17','A3',13),('G34','A3',13),('G02','A3',17),('G17','A3',17),('G34','A3',17),('G02','A3',19),('G17','A3',19),('G34','A3',19),('G02','A3',21),('G17','A3',21),('G34','A3',21),('G02','A3',22),('G02','A3',23),('G17','A3',23),('G02','A4',1),('G19','A4',1),('G33','A4',1),('G49','A4',1),('G57','A4',1),('G02','A4',2),('G19','A4',2),('G49','A4',2),('G57','A4',2),('G02','A4',3),('G19','A4',3),('G33','A4',3),('G49','A4',3),('G57','A4',3),('G02','A4',4),('G19','A4',4),('G19','A4',5),('G02','A4',6),('G19','A4',6),('G33','A4',6),('G49','A4',6),('G57','A4',6),('G19','A4',7),('G02','A4',8),('G33','A4',8),('G49','A4',8),('G57','A4',8),('G02','A4',9),('G19','A4',9),('G33','A4',9),('G49','A4',9),('G57','A4',9),('G02','A4',10),('G57','A4',11),('G33','A4',14),('G49','A4',14),('G57','A4',14),('G02','A4',15),('G19','A4',15),('G33','A4',15),('G49','A4',15),('G57','A4',15),('G33','A4',17),('G49','A4',17),('G57','A4',17),('G33','A4',19),('G02','A4',21),('G19','A4',21),('G33','A4',21),('G49','A4',21),('G02','A4',22),('G19','A4',22),('G33','A4',22),('G49','A4',22),('G57','A4',22),('G04','B1',1),('G18','B1',1),('G36','B1',1),('G49','B1',1),('G04','B1',3),('G18','B1',3),('G36','B1',3),('G49','B1',3),('G04','B1',5),('G18','B1',5),('G36','B1',5),('G49','B1',5),('G04','B1',6),('G18','B1',6),('G36','B1',6),('G49','B1',6),('G04','B1',7),('G18','B1',7),('G36','B1',7),('G49','B1',7),('G04','B1',8),('G18','B1',8),('G36','B1',9),('G18','B1',10),('G36','B1',10),('G49','B1',10),('G04','B1',11),('G18','B1',11),('G49','B1',11),('G04','B1',14),('G18','B1',14),('G36','B1',14),('G49','B1',14),('G49','B1',15),('G04','B1',16),('G04','B1',17),('G18','B1',17),('G49','B1',17),('G36','B1',20),('G04','B1',21),('G18','B1',21),('G36','B1',21),('G36','B1',23),('G49','B1',23),('G04','B2',1),('G20','B2',1),('G35','B2',1),('G51','B2',1),('G20','B2',2),('G35','B2',2),('G04','B2',3),('G20','B2',3),('G35','B2',3),('G51','B2',3),('G04','B2',4),('G51','B2',4),('G04','B2',5),('G20','B2',5),('G35','B2',5),('G51','B2',5),('G04','B2',6),('G20','B2',6),('G35','B2',6),('G04','B2',8),('G51','B2',8),('G35','B2',10),('G20','B2',11),('G04','B2',15),('G20','B2',15),('G35','B2',15),('G51','B2',15),('G04','B2',18),('G20','B2',18),('G35','B2',18),('G51','B2',18),('G04','B2',19),('G20','B2',19),('G35','B2',19),('G51','B2',19),('G51','B2',20),('G04','B2',21),('G20','B2',21),('G35','B2',21),('G51','B2',21),('G04','B2',22),('G20','B2',22),('G35','B2',22),('G51','B2',22),('G03','B3',2),('G18','B3',2),('G35','B3',2),('G18','B3',4),('G35','B3',4),('G03','B3',5),('G18','B3',5),('G03','B3',6),('G35','B3',6),('G03','B3',7),('G18','B3',7),('G35','B3',7),('G03','B3',8),('G18','B3',8),('G35','B3',8),('G03','B3',9),('G03','B3',10),('G18','B3',10),('G35','B3',10),('G03','B3',12),('G18','B3',12),('G35','B3',12),('G18','B3',13),('G35','B3',13),('G03','B3',14),('G18','B3',14),('G35','B3',14),('G03','B3',16),('G18','B3',16),('G35','B3',16),('G18','B3',17),('G35','B3',17),('G03','B3',18),('G03','B4',1),('G20','B4',1),('G36','B4',1),('G03','B4',3),('G20','B4',3),('G36','B4',3),('G03','B4',4),('G20','B4',6),('G36','B4',6),('G03','B4',7),('G03','B4',8),('G20','B4',8),('G36','B4',8),('G03','B4',9),('G20','B4',9),('G36','B4',9),('G03','B4',10),('G20','B4',10),('G03','B4',11),('G20','B4',11),('G36','B4',11),('G20','B4',17),('G36','B4',17),('G03','B4',18),('G36','B4',18),('G20','B4',19),('G36','B4',19),('G03','B4',20),('G20','B4',20),('G36','B4',20),('G03','B4',23),('G20','B4',23),('G36','B4',23),('G05','C1',1),('G22','C1',1),('G50','C1',1),('G57','C1',1),('G61','C1',1),('G64','C1',1),('G05','C1',2),('G22','C1',2),('G50','C1',2),('G57','C1',2),('G61','C1',2),('G64','C1',2),('G38','C1',3),('G05','C1',4),('G22','C1',4),('G38','C1',4),('G50','C1',4),('G57','C1',4),('G61','C1',4),('G64','C1',4),('G05','C1',5),('G22','C1',5),('G50','C1',5),('G57','C1',5),('G61','C1',5),('G64','C1',5),('G05','C1',6),('G22','C1',6),('G50','C1',6),('G57','C1',6),('G61','C1',6),('G64','C1',6),('G05','C1',7),('G22','C1',7),('G38','C1',7),('G50','C1',7),('G57','C1',7),('G61','C1',7),('G64','C1',7),('G38','C1',8),('G22','C1',9),('G38','C1',9),('G50','C1',9),('G57','C1',9),('G61','C1',9),('G64','C1',9),('G05','C1',10),('G22','C1',10),('G50','C1',10),('G57','C1',10),('G61','C1',10),('G64','C1',10),('G05','C1',11),('G38','C1',11),('G05','C1',12),('G57','C1',12),('G05','C1',13),('G22','C1',13),('G38','C1',13),('G50','C1',13),('G57','C1',13),('G61','C1',13),('G64','C1',13),('G22','C1',14),('G50','C1',14),('G61','C1',14),('G64','C1',14),('G38','C1',15),('G38','C1',16),('G38','C1',19),('G05','C1',21),('G22','C1',21),('G38','C1',21),('G50','C1',21),('G57','C1',21),('G61','C1',21),('G64','C1',21),('G05','C2',1),('G21','C2',1),('G37','C2',1),('G05','C2',5),('G21','C2',5),('G37','C2',5),('G05','C2',7),('G21','C2',7),('G37','C2',7),('G37','C2',9),('G05','C2',10),('G21','C2',10),('G37','C2',10),('G05','C2',11),('G21','C2',11),('G05','C2',13),('G21','C2',13),('G37','C2',13),('G05','C2',15),('G21','C2',15),('G37','C2',15),('G05','C2',16),('G21','C2',16),('G37','C2',16),('G05','C2',19),('G21','C2',19),('G37','C2',19),('G05','C2',20),('G21','C2',20),('G37','C2',20),('G05','C2',23),('G21','C2',23),('G37','C2',23),('G07','C3',1),('G22','C3',1),('G37','C3',1),('G07','C3',2),('G22','C3',2),('G37','C3',4),('G07','C3',6),('G22','C3',6),('G37','C3',6),('G07','C3',8),('G22','C3',8),('G37','C3',8),('G22','C3',9),('G37','C3',9),('G07','C3',10),('G07','C3',13),('G37','C3',13),('G07','C3',15),('G22','C3',15),('G37','C3',15),('G07','C3',17),('G22','C3',17),('G37','C3',17),('G07','C3',18),('G22','C3',18),('G37','C3',18),('G07','C3',19),('G22','C3',19),('G37','C3',19),('G07','C3',20),('G22','C3',20),('G37','C3',20),('G22','C3',23),('G07','C4',1),('G21','C4',1),('G38','C4',1),('G52','C4',1),('G07','C4',4),('G21','C4',4),('G38','C4',4),('G52','C4',4),('G52','C4',5),('G07','C4',6),('G21','C4',6),('G38','C4',6),('G52','C4',6),('G07','C4',7),('G07','C4',8),('G21','C4',8),('G38','C4',8),('G52','C4',8),('G07','C4',9),('G21','C4',9),('G07','C4',10),('G21','C4',10),('G38','C4',10),('G52','C4',10),('G38','C4',11),('G52','C4',11),('G38','C4',13),('G52','C4',13),('G07','C4',14),('G21','C4',14),('G38','C4',14),('G52','C4',14),('G07','C4',17),('G21','C4',17),('G38','C4',17),('G21','C4',19),('G07','C4',20),('G21','C4',20),('G52','C4',20),('G38','C4',21),('G52','C4',21),('G07','C4',23),('G21','C4',23),('G38','C4',23),('G23','D1',2),('G39','D1',2),('G50','D1',2),('G06','D1',3),('G23','D1',3),('G39','D1',3),('G50','D1',3),('G06','D1',5),('G39','D1',7),('G50','D1',7),('G23','D1',8),('G39','D1',9),('G06','D1',10),('G23','D1',10),('G39','D1',10),('G50','D1',10),('G06','D1',11),('G39','D1',11),('G50','D1',11),('G39','D1',12),('G50','D1',12),('G06','D1',13),('G23','D1',13),('G06','D1',14),('G23','D1',14),('G39','D1',14),('G50','D1',14),('G23','D1',15),('G39','D1',15),('G50','D1',15),('G06','D1',16),('G39','D1',16),('G50','D1',16),('G06','D1',17),('G23','D1',17),('G39','D1',17),('G50','D1',17),('G06','D1',18),('G23','D1',18),('G06','D1',19),('G23','D1',19),('G50','D1',22),('G06','D1',23),('G23','D1',23),('G06','D2',1),('G25','D2',1),('G40','D2',1),('G06','D2',2),('G25','D2',2),('G40','D2',2),('G40','D2',5),('G06','D2',6),('G25','D2',6),('G40','D2',6),('G06','D2',7),('G40','D2',7),('G06','D2',8),('G25','D2',8),('G40','D2',8),('G06','D2',10),('G25','D2',10),('G40','D2',10),('G06','D2',11),('G25','D2',11),('G40','D2',11),('G06','D2',14),('G25','D2',14),('G06','D2',17),('G25','D2',17),('G40','D2',17),('G06','D2',18),('G25','D2',18),('G40','D2',18),('G25','D2',19),('G06','D2',20),('G40','D2',20),('G25','D2',22),('G08','D3',2),('G23','D3',2),('G52','D3',2),('G59','D3',2),('G62','D3',2),('G64','D3',2),('G08','D3',3),('G23','D3',3),('G52','D3',3),('G59','D3',3),('G62','D3',3),('G64','D3',3),('G08','D3',4),('G23','D3',4),('G40','D3',4),('G52','D3',4),('G59','D3',4),('G62','D3',4),('G64','D3',4),('G40','D3',5),('G08','D3',6),('G23','D3',6),('G52','D3',6),('G59','D3',6),('G62','D3',6),('G64','D3',6),('G08','D3',7),('G23','D3',7),('G52','D3',7),('G59','D3',7),('G62','D3',7),('G64','D3',7),('G40','D3',8),('G08','D3',9),('G40','D3',9),('G59','D3',9),('G08','D3',10),('G23','D3',10),('G40','D3',10),('G52','D3',10),('G59','D3',10),('G62','D3',10),('G64','D3',10),('G23','D3',11),('G52','D3',11),('G62','D3',11),('G64','D3',11),('G40','D3',12),('G40','D3',13),('G40','D3',15),('G08','D3',17),('G23','D3',17),('G52','D3',17),('G59','D3',17),('G62','D3',17),('G64','D3',17),('G08','D3',18),('G23','D3',18),('G52','D3',18),('G59','D3',18),('G62','D3',18),('G64','D3',18),('G40','D3',19),('G40','D3',20),('G08','D3',21),('G23','D3',21),('G52','D3',21),('G59','D3',21),('G62','D3',21),('G64','D3',21),('G40','D3',22),('G08','D3',23),('G23','D3',23),('G52','D3',23),('G59','D3',23),('G62','D3',23),('G64','D3',23),('G08','D4',2),('G25','D4',2),('G39','D4',2),('G08','D4',4),('G25','D4',4),('G39','D4',4),('G08','D4',5),('G25','D4',5),('G39','D4',5),('G08','D4',6),('G25','D4',6),('G39','D4',6),('G25','D4',7),('G39','D4',7),('G08','D4',8),('G25','D4',8),('G39','D4',8),('G08','D4',9),('G08','D4',10),('G25','D4',10),('G39','D4',10),('G08','D4',11),('G25','D4',11),('G39','D4',11),('G08','D4',12),('G25','D4',14),('G39','D4',14),('G08','D4',18),('G25','D4',22),('G39','D4',22),('G08','D4',23),('G25','D4',23),('G39','D4',23),('G11','E1',1),('G24','E1',1),('G43','E1',1),('G53','E1',1),('G58','E1',1),('G11','E1',2),('G24','E1',2),('G43','E1',2),('G53','E1',2),('G58','E1',2),('G11','E1',3),('G24','E1',3),('G43','E1',3),('G53','E1',3),('G58','E1',3),('G11','E1',5),('G24','E1',5),('G43','E1',5),('G53','E1',5),('G53','E1',6),('G11','E1',9),('G24','E1',9),('G43','E1',9),('G53','E1',9),('G58','E1',9),('G11','E1',10),('G24','E1',10),('G43','E1',10),('G53','E1',10),('G58','E1',10),('G11','E1',11),('G24','E1',11),('G43','E1',11),('G53','E1',11),('G58','E1',11),('G11','E1',12),('G24','E1',12),('G43','E1',12),('G58','E1',12),('G11','E1',14),('G11','E1',15),('G24','E1',15),('G43','E1',15),('G53','E1',15),('G58','E1',15),('G58','E1',17),('G11','E1',19),('G24','E1',19),('G43','E1',19),('G53','E1',19),('G58','E1',19),('G24','E1',22),('G43','E1',22),('G53','E1',22),('G58','E1',22),('G11','E2',1),('G26','E2',1),('G44','E2',1),('G55','E2',1),('G11','E2',2),('G26','E2',2),('G44','E2',2),('G11','E2',5),('G26','E2',5),('G44','E2',5),('G55','E2',5),('G55','E2',6),('G44','E2',7),('G11','E2',9),('G26','E2',9),('G11','E2',10),('G26','E2',10),('G44','E2',10),('G55','E2',10),('G11','E2',11),('G26','E2',11),('G44','E2',11),('G55','E2',11),('G11','E2',13),('G26','E2',13),('G44','E2',13),('G55','E2',13),('G11','E2',14),('G26','E2',14),('G55','E2',14),('G11','E2',15),('G26','E2',15),('G44','E2',15),('G55','E2',15),('G44','E2',18),('G55','E2',19),('G55','E2',20),('G11','E2',22),('G26','E2',22),('G44','E2',22),('G11','E2',23),('G26','E2',23),('G44','E2',23),('G55','E2',23),('G09','E3',1),('G24','E3',1),('G44','E3',1),('G09','E3',2),('G24','E3',2),('G44','E3',2),('G09','E3',3),('G24','E3',3),('G44','E3',3),('G09','E3',5),('G24','E3',5),('G44','E3',5),('G09','E3',6),('G24','E3',6),('G24','E3',8),('G44','E3',8),('G44','E3',9),('G09','E3',10),('G24','E3',10),('G44','E3',10),('G09','E3',11),('G24','E3',11),('G44','E3',12),('G09','E3',15),('G09','E3',16),('G24','E3',16),('G44','E3',16),('G44','E3',19),('G09','E3',20),('G24','E3',20),('G44','E3',20),('G09','E3',21),('G24','E3',21),('G09','E4',1),('G26','E4',1),('G43','E4',1),('G43','E4',2),('G09','E4',3),('G26','E4',3),('G09','E4',4),('G26','E4',4),('G09','E4',6),('G26','E4',6),('G09','E4',9),('G26','E4',9),('G43','E4',9),('G09','E4',10),('G26','E4',10),('G43','E4',10),('G09','E4',11),('G26','E4',11),('G43','E4',11),('G43','E4',13),('G09','E4',15),('G26','E4',15),('G43','E4',15),('G26','E4',17),('G43','E4',17),('G09','E4',20),('G26','E4',20),('G43','E4',20),('G09','E4',21),('G26','E4',21),('G43','E4',21),('G09','E4',22),('G43','E4',22),('G10','F1',1),('G29','F1',1),('G41','F1',1),('G10','F1',2),('G29','F1',3),('G41','F1',3),('G10','F1',5),('G41','F1',5),('G10','F1',6),('G41','F1',6),('G10','F1',7),('G29','F1',7),('G10','F1',8),('G29','F1',8),('G41','F1',8),('G10','F1',9),('G29','F1',9),('G41','F1',9),('G10','F1',10),('G41','F1',10),('G29','F1',11),('G41','F1',11),('G10','F1',13),('G29','F1',13),('G41','F1',14),('G41','F1',15),('G29','F1',16),('G10','F1',17),('G29','F1',17),('G10','F1',18),('G29','F1',18),('G41','F1',18),('G29','F1',19),('G10','F2',2),('G53','F2',2),('G10','F2',3),('G28','F2',3),('G42','F2',3),('G53','F2',3),('G53','F2',4),('G10','F2',7),('G28','F2',7),('G42','F2',7),('G10','F2',11),('G28','F2',11),('G42','F2',11),('G53','F2',11),('G10','F2',13),('G28','F2',13),('G42','F2',13),('G53','F2',13),('G10','F2',14),('G28','F2',14),('G42','F2',14),('G53','F2',14),('G10','F2',15),('G28','F2',15),('G42','F2',15),('G10','F2',16),('G28','F2',16),('G42','F2',16),('G53','F2',16),('G10','F2',18),('G28','F2',18),('G42','F2',18),('G53','F2',18),('G28','F2',21),('G42','F2',21),('G53','F2',21),('G10','F2',22),('G28','F2',22),('G42','F2',22),('G53','F2',22),('G10','F2',23),('G28','F2',23),('G42','F2',23),('G53','F2',23),('G12','F3',1),('G29','F3',1),('G42','F3',1),('G55','F3',1),('G60','F3',1),('G12','F3',2),('G29','F3',2),('G42','F3',2),('G55','F3',2),('G29','F3',3),('G42','F3',3),('G55','F3',3),('G60','F3',3),('G12','F3',4),('G29','F3',4),('G42','F3',4),('G55','F3',4),('G60','F3',4),('G12','F3',6),('G29','F3',6),('G42','F3',6),('G55','F3',6),('G60','F3',6),('G12','F3',7),('G29','F3',7),('G42','F3',7),('G60','F3',7),('G12','F3',8),('G29','F3',8),('G42','F3',8),('G55','F3',8),('G60','F3',8),('G12','F3',9),('G29','F3',9),('G42','F3',9),('G55','F3',9),('G60','F3',9),('G12','F3',10),('G29','F3',10),('G42','F3',10),('G55','F3',10),('G60','F3',10),('G55','F3',13),('G60','F3',16),('G12','F3',17),('G29','F3',17),('G42','F3',17),('G55','F3',17),('G60','F3',17),('G12','F3',18),('G12','F3',20),('G29','F3',20),('G42','F3',20),('G55','F3',20),('G60','F3',20),('G12','F4',2),('G28','F4',2),('G41','F4',2),('G41','F4',5),('G12','F4',6),('G12','F4',7),('G28','F4',7),('G41','F4',7),('G28','F4',8),('G12','F4',9),('G12','F4',11),('G28','F4',11),('G28','F4',12),('G12','F4',13),('G41','F4',13),('G41','F4',14),('G41','F4',15),('G12','F4',16),('G28','F4',16),('G12','F4',17),('G28','F4',17),('G41','F4',17),('G28','F4',18),('G41','F4',18),('G12','F4',19),('G28','F4',19),('G41','F4',19),('G12','F4',20),('G28','F4',20),('G41','F4',20),('G12','F4',23),('G28','F4',23),('G41','F4',23),('G13','G1',1),('G27','G1',1),('G48','G1',1),('G54','G1',1),('G58','G1',1),('G61','G1',1),('G63','G1',1),('G13','G1',2),('G27','G1',2),('G54','G1',2),('G58','G1',2),('G61','G1',2),('G63','G1',2),('G48','G1',3),('G54','G1',4),('G58','G1',4),('G61','G1',4),('G63','G1',4),('G13','G1',5),('G27','G1',5),('G54','G1',5),('G58','G1',5),('G61','G1',5),('G63','G1',5),('G13','G1',6),('G27','G1',6),('G54','G1',6),('G58','G1',6),('G61','G1',6),('G63','G1',6),('G13','G1',7),('G27','G1',7),('G54','G1',7),('G58','G1',7),('G61','G1',7),('G63','G1',7),('G48','G1',8),('G58','G1',8),('G61','G1',8),('G13','G1',9),('G27','G1',9),('G54','G1',9),('G58','G1',9),('G61','G1',9),('G63','G1',9),('G13','G1',10),('G27','G1',10),('G54','G1',10),('G58','G1',10),('G61','G1',10),('G63','G1',10),('G13','G1',11),('G27','G1',11),('G54','G1',11),('G13','G1',14),('G27','G1',14),('G54','G1',14),('G13','G1',15),('G27','G1',15),('G54','G1',15),('G58','G1',15),('G63','G1',15),('G48','G1',16),('G48','G1',17),('G63','G1',17),('G48','G1',18),('G48','G1',19),('G61','G1',19),('G13','G1',20),('G27','G1',20),('G48','G1',20),('G48','G1',21),('G48','G1',22),('G58','G1',22),('G61','G1',22),('G63','G1',22),('G48','G1',23),('G13','G2',1),('G30','G2',1),('G47','G2',1),('G13','G2',2),('G30','G2',2),('G13','G2',4),('G30','G2',4),('G47','G2',4),('G13','G2',5),('G30','G2',5),('G47','G2',5),('G13','G2',6),('G30','G2',6),('G47','G2',6),('G13','G2',7),('G30','G2',7),('G13','G2',8),('G30','G2',8),('G47','G2',8),('G47','G2',9),('G13','G2',11),('G30','G2',11),('G47','G2',13),('G13','G2',15),('G30','G2',15),('G47','G2',17),('G47','G2',19),('G13','G2',20),('G30','G2',20),('G47','G2',20),('G13','G2',21),('G30','G2',21),('G47','G2',21),('G27','G3',1),('G14','G3',2),('G27','G3',2),('G14','G3',4),('G27','G3',4),('G47','G3',4),('G47','G3',5),('G47','G3',6),('G27','G3',7),('G14','G3',8),('G27','G3',8),('G47','G3',8),('G14','G3',9),('G27','G3',9),('G14','G3',10),('G27','G3',10),('G47','G3',10),('G14','G3',11),('G27','G3',11),('G14','G3',12),('G27','G3',12),('G14','G3',13),('G27','G3',13),('G47','G3',13),('G47','G3',16),('G14','G3',17),('G27','G3',17),('G47','G3',17),('G47','G3',20),('G47','G3',21),('G14','G3',22),('G14','G3',23),('G47','G3',23),('G14','G4',1),('G30','G4',1),('G48','G4',1),('G56','G4',1),('G60','G4',1),('G62','G4',1),('G63','G4',1),('G14','G4',2),('G30','G4',2),('G56','G4',2),('G60','G4',2),('G62','G4',2),('G48','G4',3),('G63','G4',3),('G48','G4',4),('G63','G4',4),('G14','G4',5),('G30','G4',5),('G48','G4',5),('G56','G4',5),('G60','G4',5),('G62','G4',5),('G63','G4',5),('G14','G4',6),('G30','G4',6),('G56','G4',6),('G60','G4',6),('G62','G4',6),('G63','G4',6),('G14','G4',7),('G30','G4',7),('G56','G4',7),('G60','G4',7),('G62','G4',7),('G14','G4',8),('G30','G4',8),('G56','G4',8),('G60','G4',8),('G62','G4',8),('G14','G4',9),('G30','G4',9),('G56','G4',9),('G60','G4',9),('G62','G4',9),('G63','G4',9),('G14','G4',10),('G30','G4',10),('G56','G4',10),('G60','G4',10),('G62','G4',10),('G63','G4',10),('G48','G4',11),('G14','G4',12),('G30','G4',12),('G56','G4',12),('G60','G4',12),('G62','G4',12),('G63','G4',12),('G48','G4',15),('G48','G4',16),('G63','G4',16),('G48','G4',17),('G63','G4',17),('G14','G4',18),('G30','G4',18),('G56','G4',18),('G60','G4',18),('G62','G4',18),('G48','G4',19),('G14','G4',20),('G56','G4',20),('G60','G4',20),('G62','G4',20),('G30','G4',21),('G48','G4',21),('G63','G4',21),('G48','G4',22),('G16','H1',1),('G32','H1',1),('G16','H1',2),('G32','H1',2),('G45','H1',3),('G16','H1',4),('G32','H1',5),('G45','H1',5),('G32','H1',6),('G45','H1',6),('G16','H1',7),('G16','H1',9),('G32','H1',9),('G45','H1',9),('G16','H1',10),('G32','H1',10),('G45','H1',10),('G16','H1',11),('G45','H1',11),('G16','H1',13),('G32','H1',13),('G45','H1',15),('G16','H1',16),('G32','H1',18),('G45','H1',18),('G16','H1',19),('G32','H1',19),('G45','H1',19),('G16','H1',20),('G32','H1',20),('G45','H1',21),('G45','H1',22),('G32','H1',23),('G16','H2',3),('G31','H2',3),('G46','H2',3),('G16','H2',5),('G31','H2',5),('G46','H2',5),('G16','H2',6),('G31','H2',6),('G46','H2',6),('G46','H2',8),('G16','H2',9),('G16','H2',10),('G31','H2',10),('G46','H2',10),('G16','H2',12),('G31','H2',12),('G46','H2',12),('G16','H2',13),('G31','H2',13),('G16','H2',16),('G31','H2',16),('G46','H2',16),('G31','H2',17),('G16','H2',18),('G31','H2',18),('G46','H2',18),('G16','H2',19),('G31','H2',19),('G46','H2',19),('G46','H2',20),('G46','H2',21),('G16','H2',22),('G31','H2',22),('G15','H3',1),('G32','H3',1),('G46','H3',1),('G56','H3',1),('G15','H3',3),('G15','H3',4),('G32','H3',4),('G46','H3',4),('G56','H3',4),('G32','H3',5),('G56','H3',5),('G15','H3',6),('G46','H3',6),('G56','H3',6),('G32','H3',8),('G15','H3',9),('G32','H3',9),('G46','H3',9),('G56','H3',9),('G32','H3',10),('G46','H3',10),('G15','H3',11),('G32','H3',11),('G46','H3',11),('G56','H3',11),('G32','H3',13),('G46','H3',13),('G56','H3',13),('G46','H3',15),('G15','H3',16),('G56','H3',16),('G15','H3',17),('G32','H3',17),('G46','H3',17),('G56','H3',17),('G15','H3',20),('G32','H3',20),('G46','H3',20),('G56','H3',20),('G15','H3',21),('G15','H3',23),('G32','H3',23),('G46','H3',23),('G56','H3',23),('G15','H4',1),('G31','H4',1),('G45','H4',1),('G54','H4',1),('G15','H4',3),('G31','H4',3),('G54','H4',3),('G15','H4',5),('G31','H4',5),('G45','H4',5),('G54','H4',5),('G15','H4',7),('G31','H4',7),('G45','H4',7),('G54','H4',7),('G15','H4',8),('G31','H4',8),('G54','H4',8),('G45','H4',9),('G15','H4',10),('G31','H4',10),('G54','H4',10),('G45','H4',11),('G45','H4',13),('G15','H4',14),('G31','H4',14),('G54','H4',14),('G15','H4',15),('G31','H4',15),('G54','H4',15),('G45','H4',16),('G15','H4',17),('G31','H4',17),('G54','H4',17),('G15','H4',19),('G31','H4',19),('G45','H4',19),('G54','H4',19),('G45','H4',20),('G45','H4',21),('G15','H4',22),('G31','H4',22),('G45','H4',22),('G54','H4',22);
/*!40000 ALTER TABLE `starting_lineups` ENABLE KEYS */;
UNLOCK TABLES;

--
-- Table structure for table `substitutions`
--

DROP TABLE IF EXISTS `substitutions`;
/*!40101 SET @saved_cs_client     = @@character_set_client */;
 SET character_set_client = utf8mb4 ;
CREATE TABLE `substitutions` (
  `GameID` char(3) NOT NULL,
  `TeamID` char(2) NOT NULL,
  `PNoIn` int(11) NOT NULL,
  `Position` char(2) DEFAULT NULL,
  `PNoOut` int(11) NOT NULL,
  `Time` int(11) DEFAULT NULL,
  PRIMARY KEY (`GameID`,`TeamID`,`PNoIn`,`PNoOut`),
  KEY `TeamID` (`TeamID`,`PNoIn`),
  KEY `TeamID_2` (`TeamID`,`PNoOut`),
  CONSTRAINT `substitutions_ibfk_1` FOREIGN KEY (`GameID`) REFERENCES `game` (`gameid`),
  CONSTRAINT `substitutions_ibfk_2` FOREIGN KEY (`TeamID`, `PNoIn`) REFERENCES `player` (`teamid`, `pno`),
  CONSTRAINT `substitutions_ibfk_3` FOREIGN KEY (`TeamID`, `PNoOut`) REFERENCES `player` (`teamid`, `pno`)
) ENGINE=InnoDB DEFAULT CHARSET=utf8mb4 COLLATE=utf8mb4_0900_ai_ci;
/*!40101 SET character_set_client = @saved_cs_client */;

--
-- Dumping data for table `substitutions`
--

LOCK TABLES `substitutions` WRITE;
/*!40000 ALTER TABLE `substitutions` DISABLE KEYS */;
INSERT INTO `substitutions` VALUES ('G01','A1',6,'MF',9,24),('G01','A1',7,'MF',19,64),('G01','A1',22,'FW',10,70),('G01','A2',9,'MF',8,72),('G01','A2',19,'FW',14,64),('G01','A2',20,'FW',10,85),('G02','A3',5,'MF',8,50),('G02','A3',11,'FW',9,63),('G02','A3',14,'FW',22,82),('G02','A4',5,'MF',8,58),('G02','A4',7,'DF',10,59),('G02','A4',14,'FW',15,87),('G03','B3',4,'DF',18,82),('G03','B3',20,'FW',9,77),('G03','B3',21,'MF',16,76),('G03','B4',14,'FW',18,85),('G03','B4',17,'FW',7,68),('G03','B4',19,'DF',9,81),('G04','B1',9,'FW',17,80),('G04','B1',10,'MF',16,68),('G04','B1',20,'FW',11,69),('G04','B2',10,'MF',6,70),('G04','B2',11,'FW',21,86),('G04','B2',17,'FW',19,77),('G05','C1',9,'FW',7,70),('G05','C1',14,'MF',12,78),('G05','C1',18,'FW',11,70),('G05','C2',9,'FW',11,64),('G05','C2',17,'FW',10,84),('G05','C2',22,'MF',23,72),('G06','D1',7,'MF',5,54),('G06','D1',9,'FW',13,84),('G06','D1',22,'MF',11,75),('G06','D2',9,'FW',11,89),('G06','D2',19,'MF',7,63),('G06','D2',23,'DF',17,76),('G07','C3',9,'FW',20,62),('G07','C3',11,'FW',10,85),('G07','C3',23,'MF',13,87),('G07','C4',11,'FW',23,67),('G07','C4',13,'DF',6,81),('G07','C4',19,'MF',7,35),('G08','D3',8,'MF',18,78),('G08','D3',11,'MF',9,60),('G08','D3',20,'FW',17,86),('G08','D4',7,'FW',18,62),('G08','D4',13,'FW',10,88),('G08','D4',14,'FW',9,72),('G09','E3',7,'MF',11,60),('G09','E3',9,'MF',20,73),('G09','E3',12,'FW',21,66),('G09','E4',2,'DF',10,83),('G09','E4',8,'FW',9,90),('G09','E4',17,'MF',22,70),('G10','F1',11,'FW',6,60),('G10','F1',20,'MF',9,86),('G10','F1',23,'FW',2,79),('G10','F2',4,'DF',18,74),('G10','F2',9,'FW',22,66),('G10','F2',21,'FW',11,58),('G11','E1',8,'MF',15,67),('G11','E1',17,'MF',5,60),('G11','E1',20,'FW',9,79),('G11','E2',6,'DF',2,87),('G11','E2',7,'FW',9,80),('G11','E2',17,'MF',11,71),('G12','F3',13,'MF',7,81),('G12','F3',15,'MF',8,71),('G12','F3',22,'FW',20,77),('G12','F4',10,'MF',13,73),('G12','F4',12,'DF',6,28),('G12','F4',15,'MF',9,66),('G13','G1',16,'MF',14,83),('G13','G1',19,'MF',11,74),('G13','G1',22,'MF',6,90),('G13','G2',9,'FW',21,63),('G13','G2',10,'FW',8,63),('G13','G2',18,'FW',7,73),('G14','G3',1,'GK',22,10),('G14','G3',14,'MF',23,74),('G14','G3',19,'FW',10,85),('G14','G4',4,'MF',7,93),('G14','G4',19,'FW',10,68),('G14','G4',21,'MF',20,80),('G15','H3',5,'MF',11,31),('G15','H3',7,'FW',21,70),('G15','H3',10,'MF',20,59),('G15','H4',4,'MF',10,70),('G15','H4',9,'FW',15,85),('G15','H4',16,'MF',7,80),('G16','H1',5,'DF',16,46),('G16','H1',18,'DF',20,83),('G16','H1',23,'FW',10,73),('G16','H2',8,'MF',13,87),('G16','H2',11,'MF',9,62),('G16','H2',14,'FW',19,75),('G17','A1',7,'MF',6,74),('G17','A1',10,'FW',22,79),('G17','A1',13,'DF',18,86),('G17','A3',11,'FW',9,82),('G17','A3',14,'FW',21,68),('G17','A3',22,'FW',17,64),('G18','B1',16,'MF',10,70),('G18','B1',18,'FW',11,59),('G18','B1',23,'MF',8,89),('G18','B3',9,'FW',13,70),('G18','B3',11,'MF',8,86),('G18','B3',23,'MF',10,75),('G19','A2',10,'FW',19,78),('G19','A2',12,'MF',9,75),('G19','A2',16,'MF',17,44),('G19','A4',8,'MF',5,82),('G19','A4',14,'MF',7,59),('G19','A4',17,'MF',15,59),('G20','B2',8,'MF',6,71),('G20','B2',9,'FW',19,89),('G20','B2',20,'MF',11,79),('G20','B4',5,'DF',3,69),('G20','B4',14,'FW',11,86),('G20','B4',18,'FW',9,74),('G21','C2',9,'FW',11,75),('G21','C2',17,'FW',10,68),('G21','C2',22,'MF',23,82),('G21','C4',11,'FW',20,59),('G21','C4',21,'FW',9,68),('G22','C1',11,'FW',10,75),('G22','C1',15,'MF',6,89),('G22','C1',18,'FW',7,80),('G22','C3',4,'DF',2,46),('G22','C3',10,'FW',19,46),('G22','C3',11,'FW',8,82),('G23','D1',9,'FW',19,54),('G23','D1',21,'FW',15,68),('G23','D1',22,'MF',18,56),('G23','D3',5,'DF',17,93),('G23','D3',8,'MF',4,82),('G23','D3',9,'FW',18,57),('G24','E1',7,'FW',19,46),('G24','E1',17,'MF',9,93),('G24','E1',20,'FW',15,68),('G24','E3',7,'MF',21,54),('G24','E3',15,'DF',16,75),('G24','E3',17,'MF',20,83),('G25','D2',5,'DF',6,65),('G25','D2',9,'FW',22,71),('G25','D2',23,'DF',17,87),('G25','D4',9,'FW',14,85),('G25','D4',18,'FW',8,90),('G25','D4',21,'DF',2,46),('G26','E2',7,'FW',15,73),('G26','E2',18,'FW',9,46),('G26','E2',19,'FW',14,94),('G26','E4',18,'FW',4,81),('G26','E4',22,'MF',17,64),('G27','G1',8,'MF',9,59),('G27','G1',17,'MF',14,86),('G27','G1',21,'FW',10,68),('G27','G3',3,'DF',2,41),('G27','G3',21,'DF',11,24),('G27','G3',23,'FW',13,59),('G28','F2',4,'DF',18,68),('G28','F2',10,'MF',11,77),('G28','F2',17,'MF',22,71),('G28','F4',10,'MF',8,64),('G28','F4',14,'DF',12,84),('G28','F4',15,'MF',18,77),('G29','F1',20,'MF',3,87),('G29','F1',21,'MF',19,31),('G29','F1',23,'FW',7,46),('G29','F3',11,'FW',20,78),('G29','F3',21,'MF',17,74),('G29','F3',22,'FW',9,90),('G30','G2',16,'FW',6,69),('G30','G2',19,'MF',20,62),('G30','G2',23,'DF',8,69),('G30','G4',3,'DF',12,70),('G30','G4',11,'FW',7,63),('G30','G4',17,'DF',9,63),('G31','H2',8,'MF',13,65),('G31','H2',9,'FW',19,86),('G31','H2',11,'MF',17,81),('G31','H4',4,'MF',10,72),('G31','H4',9,'FW',8,75),('G31','H4',11,'MF',14,87),('G32','H1',2,'DF',2,80),('G32','H1',18,'FW',18,72),('G32','H1',23,'MF',23,57),('G32','H3',7,'FW',9,78),('G32','H3',15,'MF',8,32),('G32','H3',16,'MF',20,73),('G33','A1',2,'DF',6,38),('G33','A1',7,'MF',8,46),('G33','A1',10,'FW',15,60),('G33','A4',7,'MF',8,73),('G33','A4',10,'FW',6,63),('G33','A4',18,'FW',21,93),('G34','A2',8,'MF',19,79),('G34','A2',20,'FW',9,65),('G34','A3',11,'FW',21,81),('G34','A3',14,'FW',9,64),('G34','A3',22,'FW',19,45),('G35','B2',9,'FW',21,84),('G35','B2',17,'FW',10,74),('G35','B2',20,'MF',19,74),('G35','B3',11,'MF',10,63),('G35','B3',19,'FW',13,72),('G35','B3',20,'FW',7,85),('G36','B1',8,'MF',10,84),('G36','B1',11,'MF',20,70),('G36','B1',17,'FW',9,96),('G36','B4',5,'DF',3,56),('G36','B4',10,'FW',6,76),('G36','B4',14,'FW',18,70),('G37','C2',4,'FW',9,53),('G37','C2',17,'FW',10,58),('G37','C2',22,'MF',23,72),('G37','C3',7,'MF',13,63),('G37','C3',16,'MF',18,79),('G37','C3',23,'MF',19,46),('G38','C1',10,'FW',11,78),('G38','C1',18,'FW',7,68),('G38','C1',22,'DF',21,50),('G38','C4',12,'FW',21,75),('G38','C4',15,'FW',8,60),('G38','C4',18,'MF',23,92),('G39','D1',13,'MF',11,72),('G39','D1',19,'FW',3,80),('G39','D1',22,'MF',15,61),('G39','D4',9,'FW',14,46),('G39','D4',13,'FW',7,92),('G39','D4',18,'FW',22,90),('G40','D2',4,'MF',11,85),('G40','D2',9,'FW',6,70),('G40','D2',21,'MF',8,90),('G40','D3',6,'DF',20,70),('G40','D3',7,'MF',8,81),('G40','D3',14,'MF',10,65),('G41','F1',13,'MF',14,63),('G41','F1',20,'MF',3,78),('G41','F1',23,'FW',6,58),('G41','F4',8,'MF',18,69),('G41','F4',11,'FW',13,56),('G41','F4',22,'DF',11,79),('G42','F2',8,'FW',23,65),('G42','F2',17,'MF',18,75),('G42','F2',19,'FW',7,89),('G42','F3',13,'MF',7,57),('G42','F3',15,'MF',8,80),('G42','F3',22,'FW',9,68),('G43','E1',6,'DF',12,10),('G43','E1',8,'MF',11,80),('G43','E1',17,'MF',15,66),('G43','E4',7,'MF',22,75),('G43','E4',18,'FW',17,82),('G43','E4',19,'FW',9,85),('G44','E2',6,'DF',23,81),('G44','E2',17,'MF',11,60),('G44','E2',19,'FW',18,69),('G44','E3',4,'DF',16,93),('G44','E3',13,'MF',9,81),('G44','E3',14,'MF',20,91),('G45','H1',14,'FW',19,79),('G45','H1',17,'MF',21,79),('G45','H4',14,'MF',11,65),('G45','H4',15,'FW',9,47),('G45','H4',17,'MF',13,82),('G46','H2',14,'FW',20,80),('G46','H2',15,'FW',19,86),('G46','H2',22,'DF',12,74),('G46','H3',14,'FW',10,31),('G46','H3',16,'MF',15,83),('G46','H3',19,'FW',9,89),('G47','G2',3,'DF',9,46),('G47','G2',16,'FW',19,81),('G47','G2',18,'FW',5,56),('G47','G3',9,'MF',13,46),('G47','G3',15,'FW',23,77),('G47','G3',18,'FW',10,89),('G48','G1',4,'DF',3,74),('G48','G1',14,'FW',18,86),('G48','G4',6,'DF',5,46),('G48','G4',14,'FW',22,79),('G49','A4',5,'MF',8,81),('G49','A4',7,'MF',6,63),('G49','A4',11,'FW',21,74),('G49','B1',4,'MF',10,84),('G49','B1',9,'FW',17,74),('G49','B1',20,'FW',23,65),('G50','C1',12,'MF',14,75),('G50','C1',18,'FW',7,83),('G50','C1',20,'FW',10,89),('G50','D1',6,'DF',16,46),('G50','D1',13,'MF',22,75),('G50','D1',19,'FW',15,66),('G51','A1',6,'MF',19,61),('G51','A1',10,'FW',22,65),('G51','A1',14,'DF',18,46),('G51','A1',21,'MF',7,97),('G51','B2',2,'DF',4,70),('G51','B2',6,'MF',21,67),('G51','B2',9,'FW',20,104),('G51','B2',17,'FW',19,80),('G52','C4',2,'MF',8,98),('G52','C4',9,'FW',21,66),('G52','C4',19,'MF',6,46),('G52','C4',23,'FW',11,106),('G52','D3',8,'MF',11,71),('G52','D3',9,'FW',4,97),('G52','D3',19,'MF',17,108),('G52','D3',22,'DF',3,81),('G53','E1',13,'DF',19,91),('G53','E1',17,'MF',15,80),('G53','E1',20,'FW',11,86),('G53','F2',6,'MF',21,55),('G53','F2',7,'MF',4,46),('G53','F2',9,'FW',14,60),('G54','G1',8,'MF',11,65),('G54','G1',22,'MF',14,65),('G54','H4',4,'MF',7,81),('G54','H4',16,'MF',8,81),('G55','E2',7,'FW',14,73),('G55','E2',9,'FW',15,73),('G55','F3',5,'DF',10,82),('G55','F3',16,'DF',2,82),('G55','F3',22,'FW',9,91),('G56','G4',3,'DF',18,102),('G56','G4',4,'MF',20,81),('G56','G4',11,'FW',10,88),('G56','G4',19,'FW',2,113),('G56','H3',2,'DF',4,116),('G56','H3',7,'FW',16,61),('G56','H3',14,'FW',20,88),('G56','H3',15,'MF',6,79),('G57','A4',7,'MF',11,59),('G57','A4',18,'FW',6,59),('G57','A4',20,'FW',8,73),('G57','C1',11,'FW',10,88),('G57','C1',15,'MF',12,80),('G57','C1',18,'FW',7,93),('G58','E1',7,'FW',9,58),('G58','E1',8,'MF',15,73),('G58','E1',20,'FW',19,46),('G58','G1',3,'DF',22,83),('G58','G1',17,'MF',9,87),('G59','A1',8,'MF',22,79),('G59','A1',9,'MF',17,102),('G59','A1',10,'FW',6,67),('G59','A1',21,'MF',19,54),('G59','D3',5,'DF',2,97),('G59','D3',8,'MF',9,88),('G59','D3',11,'MF',4,63),('G59','D3',22,'DF',3,74),('G60','F3',5,'DF',20,65),('G60','F3',11,'FW',10,65),('G60','F3',18,'DF',16,85),('G60','G4',4,'MF',8,85),('G60','G4',17,'DF',20,77),('G60','G4',19,'FW',10,91),('G61','C1',12,'MF',14,86),('G61','C1',15,'MF',9,85),('G61','G1',11,'MF',8,80),('G61','G1',14,'FW',19,60),('G61','G1',21,'FW',22,91),('G62','D3',5,'DF',17,115),('G62','D3',9,'FW',18,101),('G62','D3',19,'MF',10,119),('G62','D3',22,'DF',3,95),('G62','G4',3,'DF',18,91),('G62','G4',4,'MF',8,97),('G62','G4',11,'FW',2,112),('G62','G4',19,'FW',10,74),('G63','G1',3,'DF',22,39),('G63','G1',14,'FW',9,60),('G63','G1',19,'MF',17,78),('G63','G4',7,'MF',3,46),('G63','G4',19,'FW',10,46),('G63','G4',20,'MF',21,84),('G64','C1',12,'MF',14,73),('G64','C1',15,'MF',13,55),('G64','C1',18,'FW',9,81),('G64','D3',9,'FW',18,71),('G64','D3',20,'FW',3,81);
/*!40000 ALTER TABLE `substitutions` ENABLE KEYS */;
UNLOCK TABLES;

--
-- Table structure for table `team`
--

DROP TABLE IF EXISTS `team`;
/*!40101 SET @saved_cs_client     = @@character_set_client */;
 SET character_set_client = utf8mb4 ;
CREATE TABLE `team` (
  `TeamID` char(2) NOT NULL,
  `Team` varchar(14) DEFAULT NULL,
  `Continent` varchar(16) DEFAULT NULL,
  `League` varchar(9) DEFAULT NULL,
  `Population` int(11) DEFAULT NULL,
  PRIMARY KEY (`TeamID`)
) ENGINE=InnoDB DEFAULT CHARSET=utf8mb4 COLLATE=utf8mb4_0900_ai_ci;
/*!40101 SET character_set_client = @saved_cs_client */;

--
-- Dumping data for table `team`
--

LOCK TABLES `team` WRITE;
/*!40000 ALTER TABLE `team` DISABLE KEYS */;
INSERT INTO `team` VALUES ('A1','Russia','Europe','UEFA',144300000),('A2','Saudi Arabia','Asia','AFC',32280000),('A3','Egypt','Africa','CAF',95690000),('A4','Uruguay','South America','CONMEBOL',3444000),('B1','Portugal','Europe','UEFA',10320000),('B2','Spain','Europe','UEFA',46560000),('B3','Morocco','Africa','CAF',35280000),('B4','IR Iran','Asia','AFC',80280000),('C1','France','Europe','UEFA',66900000),('C2','Australia','Australia','AFC',24130000),('C3','Peru','South America','CONMEBOL',31770000),('C4','Denmark','Europe','UEFA',5731000),('D1','Argentina','South America','CONMEBOL',43850000),('D2','Iceland','Europe','UEFA',334252),('D3','Croatia','Europe','UEFA',4171000),('D4','Nigeria','Africa','CAF',186000000),('E1','Brazil','South America','CONMEBOL',207700000),('E2','Switzerland','Europe','UEFA',8372000),('E3','Costa Rica','Central America','CONCACAF',4857000),('E4','Serbia','Europe','UEFA',7057000),('F1','Germany','Europe','UEFA',82670000),('F2','Mexico','North America','CONCACAF',127500000),('F3','Sweden','Europe','UEFA',9903000),('F4','Korea Republic','Asia','AFC',51250000),('G1','Belgium','Europe','UEFA',11350000),('G2','Panama','Carribean','CONCACAF',4037000),('G3','Tunisia','Africa','CAF',11400000),('G4','England','Europe','UEFA',54786000),('H1','Poland','Europe','UEFA',37950000),('H2','Senegal','Africa','CAF',15410000),('H3','Colombia','South America','CONMEBOL',48650000),('H4','Japan','Asia','AFC',127000000);
/*!40000 ALTER TABLE `team` ENABLE KEYS */;
UNLOCK TABLES;
/*!40103 SET TIME_ZONE=@OLD_TIME_ZONE */;

/*!40101 SET SQL_MODE=@OLD_SQL_MODE */;
/*!40014 SET FOREIGN_KEY_CHECKS=@OLD_FOREIGN_KEY_CHECKS */;
/*!40014 SET UNIQUE_CHECKS=@OLD_UNIQUE_CHECKS */;
/*!40101 SET CHARACTER_SET_CLIENT=@OLD_CHARACTER_SET_CLIENT */;
/*!40101 SET CHARACTER_SET_RESULTS=@OLD_CHARACTER_SET_RESULTS */;
/*!40101 SET COLLATION_CONNECTION=@OLD_COLLATION_CONNECTION */;
/*!40111 SET SQL_NOTES=@OLD_SQL_NOTES */;

-- Dump completed on 2018-11-19  0:41:13
